mdf_mean_slope,mdf_mean_rho,mdf_mean_rho_p,mpf_mean_slope,mpf_mean_rho,mpf_mean_rho_p,rms_mean_slope,rms_mean_rho,rms_mean_rho_p,subject,exercise,label,repetition,n
-0.000664645959616927,-0.019298245614035085,0.9374978309415845,-0.0011088461948196174,-0.16315789473684209,0.504515720888777,0.006416472232704666,0.1649122807017544,0.49988058994796014,S01,1,6.0,1,19
-0.00447505690856917,-0.4280701754385965,0.0674881686246779,-0.004589935440746539,-0.5771929824561403,0.009665358426074319,-0.04217698648984643,-0.5070175438596491,0.02671905561891389,S01,1,6.0,2,19
0.0018424234974003435,0.08978328173374613,0.7231227825767574,0.0008651660357966972,0.11042311661506708,0.6626984309773885,0.05386324946888193,0.5087719298245614,0.031068538407296162,S01,1,6.0,3,18
-0.005024392395173062,-0.3353973168214654,0.17363506116754218,-0.004428420532574554,-0.47781217750258,0.04491215118822409,-0.014916340269649445,-0.06914344685242517,0.7851478708666942,S01,1,6.0,4,18
-0.0074142953361203785,-0.44117647058823534,0.08715363626051081,-0.006447097469332162,-0.6529411764705881,0.006102046679077001,-0.022065818251554525,-0.15882352941176472,0.5568612810855389,S01,1,6.0,5,16
-0.0018862796350773044,0.049999999999999996,0.859540943467457,0.0018051056577307973,0.23571428571428568,0.39770294590327293,0.008017796757786485,0.07857142857142857,0.7807545523090464,S01,1,6.0,6,15
-0.0013536201083314556,-0.23030142781597032,0.07416616551660005,-0.0007358535980027139,-0.20380750925436275,0.11515435638069649,-0.006223615010963208,-0.22771020624008456,0.0775725137986262,S01,1,7.0,1,61
0.0009987272581474358,0.11548619447779111,0.42450284930316773,0.0003866176562471958,0.08619447779111644,0.55172268105076,0.007928903054904209,0.06391356542617047,0.6592436204488079,S01,1,7.0,2,50
0.006424074350256089,0.3705738705738706,0.05706370948511218,0.00239368964360208,0.16727716727716724,0.40429895070397426,0.06078459141825365,0.5561660561660562,0.0025919435964923488,S01,1,7.0,3,27
-0.005143443562357925,-0.715406162464986,1.3660197258070886e-06,-0.0018756383490515166,-0.5098039215686275,0.0017580250013536506,-0.08311103435319268,-0.3854341736694678,0.022219317189065155,S01,1,7.0,4,35
0.0018303157242032966,0.26731589889484625,0.10470070651081233,6.619193098666556e-05,-0.007550060181639129,0.964117234320871,-0.00949068321050112,-0.018492176386913226,0.9122549162270623,S01,1,7.0,5,38
-0.0013509577768862405,-0.24567099567099573,0.07061973198118505,-0.0003313214347693276,-0.08571428571428573,0.5337970770631786,-0.01719655777237055,-0.09292929292929294,0.4997933938115754,S01,1,7.0,6,55
-0.000985968555921303,-0.18747135217723448,0.28837307403289636,-0.00035449368681587576,-0.1523300229182582,0.3897666610710857,-0.019378961842965486,-0.9107715813598166,7.786914662920887e-14,S01,1,10.0,1,34
-0.0028855555760174244,-0.27217741935483875,0.13853355016350638,-0.0011787648841769453,-0.15161290322580648,0.41554302669957277,-0.02817674925213414,-0.9290322580645163,4.7269141288031065e-14,S01,1,10.0,2,31
-0.004077611778962703,-0.5044354838709678,0.00380708014542501,-0.0025741891303608408,-0.4754032258064516,0.00687483303961631,-0.015855487934724515,-0.7161290322580646,5.898832189229071e-06,S01,1,10.0,3,31
-0.001180626860977507,-0.22058823529411767,0.21735696636640467,-0.0013119025216014886,-0.27774064171123,0.11759500229988346,-0.010415885950922368,-0.8241978609625669,3.760083964140246e-09,S01,1,10.0,4,33
0.0001171317369066076,-0.0875668449197861,0.6279815970315183,0.00041904386201794055,-0.08088235294117647,0.6545483098680835,-0.013812777190778596,-0.5818850267379679,0.0003822677635691532,S01,1,10.0,5,33
-0.0032221686639454785,-0.3344129554655871,0.03745313331867567,-0.002016229670653114,-0.3546558704453441,0.02673733139479528,-0.014058713446515112,-0.7091093117408906,4.355303357780231e-07,S01,1,10.0,6,39
-0.0042281840940802335,-0.4344537815126051,0.009110955700095628,-0.003331741152395976,-0.43221288515406164,0.009516753255127143,-0.017341449964556287,-0.546498599439776,0.0006824626012719012,S01,1,13.0,1,35
-0.0027298963334156314,-0.2914222873900293,0.10559965044268474,-0.0028375981430688135,-0.38306451612903225,0.03046163083032236,-0.018923097443150853,-0.5560850439882697,0.0009509274620600933,S01,1,13.0,2,32
-0.003480600193740099,-0.3708683473389356,0.0282865517483148,-0.002828340270688283,-0.38039215686274513,0.02418388371292831,-0.024696348770095244,-0.2358543417366947,0.17257024074915045,S01,1,13.0,3,35
0.01958357439562499,0.8508771929824561,3.889959117183733e-06,0.013533154459800276,0.8350877192982457,8.647203091664366e-06,0.022224219375027547,0.3526315789473684,0.13866298585442158,S01,1,13.0,4,19
0.01864317346475492,0.6348039215686275,0.006188697466695524,0.014063046698856156,0.6348039215686275,0.006188697466695524,0.04471453628091725,0.49509803921568635,0.043314416509935456,S01,1,13.0,5,17
-0.001555974425008408,-0.1483957219251337,0.40983928056969854,-0.00098602483939329,-0.12934491978609627,0.47312597132579703,-0.02515927540394567,-0.42479946524064177,0.01373312545841651,S01,1,13.0,6,33
-0.003958343642492408,-0.47620967741935494,0.006767431299165349,-0.0026649202085033794,-0.5427419354838711,0.0016071370338005542,-0.020842908094114383,-0.46129032258064523,0.00900264520269875,S01,1,14.0,1,31
-0.0017182998449265334,-0.3032258064516129,0.10333931335563051,-0.0011924722738096269,-0.2600667408231368,0.16515681991690628,-0.02777848693567952,-0.6520578420467186,9.458095197847484e-05,S01,1,14.0,2,30
-0.003434142858445065,-0.421579532814238,0.02032413229436461,-0.0029070355551277997,-0.5012235817575084,0.00477957754898581,-0.024559982398863173,-0.6560622914349278,8.276186046411796e-05,S01,1,14.0,3,30
-0.0037627284639633906,-0.2982456140350877,0.21489010690621163,-0.0010359842306247292,-0.07543859649122807,0.7588868686262757,-0.015450865385470225,-0.1701754385964912,0.486099539787445,S01,1,14.0,4,19
-0.0035910995663441573,-0.43842364532019695,0.01736023928871205,-0.0018658634016778613,-0.32216748768472897,0.08830766431301199,-0.0315563564835429,-0.6866995073891624,3.8946227357389666e-05,S01,1,14.0,5,29
-0.0041602783901961695,-0.3675889328063242,0.0923715687441698,-0.0033453096003294965,-0.4443817052512706,0.038263461748873726,0.035542209627539345,0.23207227555053642,0.29868783755778283,S01,1,14.0,6,22
0.0016483256246631068,0.5474881015335801,4.966736659936696e-06,0.00040639789537990614,0.18429402432575356,0.1550797076283009,0.011494554606008118,0.32004230565838176,0.011923019075292491,S03,1,6.0,1,61
0.00185364093758033,0.35737704918032775,0.004691498081079726,0.0019898585201503743,0.39968270756213636,0.001416923054129794,-0.01251208377367625,-0.2638815441565309,0.039886518161158305,S03,1,6.0,2,61
-0.0005811531722668525,-0.060655737704918035,0.6423870947333207,-5.7667121060660644e-05,0.08704389212057112,0.5047478635184569,-0.013944815979538358,-0.29936541512427284,0.01908951476291997,S03,1,6.0,3,61
0.00047268232570881825,0.0580690627202255,0.7080963905781088,0.0005807024786832389,0.13474277660324172,0.38318745467822846,-0.017645539377535324,-0.5151515151515151,0.0003459480642519299,S03,1,6.0,4,44
0.0024428513612432673,0.43622569938359407,0.006953387528230812,0.0012505624422822523,0.28733997155049784,0.08463432733235407,0.025392615919906037,0.2918444760550023,0.07965826759953373,S03,1,6.0,5,37
0.005181275127428157,0.7279411764705883,1.5798478962544544e-06,0.003789898562791393,0.7463235294117647,6.154214716460321e-07,-0.0022319519825914178,-0.09191176470588236,0.6109531521101033,S03,1,6.0,6,33
-0.0010441281224687826,-0.25928080380750923,0.04361160793634248,-0.0012123274720418692,-0.47488101533580107,0.00011021565466274172,0.003283417338241768,0.1347435219460603,0.3005102473275004,S03,1,7.0,1,61
-0.00024569305696629177,-0.04537281861448968,0.7284254942743349,-0.00017126631600311663,-0.11401374933897405,0.3816219991550306,0.007371310371597057,0.25219460602855626,0.049905338890380804,S03,1,7.0,2,61
-0.0007161373780063588,-0.20263906726096045,0.11421091496506669,-0.0005806453643788446,-0.24021052101432852,0.06003127568245595,0.004439947604806347,0.266500465865881,0.03628221621709487,S03,1,7.0,3,62
-0.0008705953246208228,-0.23548387096774193,0.06771120368571378,-0.0009401098620268098,-0.4034373347435219,0.0012642440779867964,0.0005375275401869577,0.22411422527763084,0.08250407065847824,S03,1,7.0,4,61
-0.0008824656726022483,-0.23236382866208355,0.07154102194931215,-0.00035485269481786076,-0.11237440507667898,0.38854955823268045,-0.0045488968012004,-0.3918561607615018,0.00178953150919846,S03,1,7.0,5,61
0.0012251464590589485,0.21806057238121704,0.09417642480615372,0.00034378030441480176,0.08552375659905531,0.5158727246388977,0.011166167394647248,0.4701305918310643,0.00015056614563401186,S03,1,7.0,6,60
0.002638350547939481,0.09768492377188029,0.6653964075322027,0.0019966339528680803,0.15866741953698477,0.4806470518262417,-0.018652398806966328,-0.23546019198193116,0.2914882349612475,S03,1,10.0,1,22
-0.007400654252897351,-0.536764705882353,0.02631190195230556,-0.004497392002800049,-0.4460784313725491,0.07269184178908122,-0.03696488962829489,-0.9240196078431374,1.1844905443995682e-07,S03,1,10.0,2,17
-0.007788938513005566,-0.5810113519091847,0.0114508540069193,-0.004804861857054472,-0.6883384932920537,0.0015871002439845348,0.03046392239437989,0.6140350877192982,0.006710758773359236,S03,1,10.0,3,18
-0.005547125831003217,-0.36176470588235293,0.16855882250388438,-0.0052219005647894745,-0.4794117647058824,0.06023930250431595,0.0010953964025905304,0.0411764705882353,0.8796536149318311,S03,1,10.0,4,16
-0.010359997644628187,-0.5766233766233767,0.006213392871018532,-0.006520262514084697,-0.6415584415584416,0.0017200676131313925,-0.06869372655233878,-0.42337662337662335,0.05582289840720049,S03,1,10.0,5,21
-0.0006949132291682505,0.010714285714285713,0.9697698761545686,-0.00036516036234885535,0.04285714285714285,0.8794603130258999,0.04101252011660473,0.2642857142857143,0.3411737579900821,S03,1,10.0,6,15
0.013347078069520145,0.5924812030075187,0.005910465902184196,0.007262676945293028,0.47218045112781953,0.035542393671932,0.04446869447983782,0.556390977443609,0.010841753245056875,S03,1,13.0,1,20
0.0211546104838849,0.8120300751879698,1.3751698807413058e-05,0.015903912442049757,0.8812030075187969,2.88608487615473e-07,0.08491346218816113,0.7699248120300751,7.183540419814864e-05,S03,1,13.0,2,20
0.002177330172313326,0.2699507389162561,0.15670671135883546,0.0011787394164636178,0.18472906403940884,0.33739314483971605,0.018074518653353022,0.38571428571428557,0.03878082214016065,S03,1,13.0,3,29
0.00915803100801877,0.5931623931623932,0.0014042643525630785,0.0047166689379778744,0.5692307692307692,0.00240567138062948,0.04015767147434214,0.6437606837606837,0.0003875836820057348,S03,1,13.0,4,26
0.023768303763646696,0.8646616541353382,8.760838300464326e-07,0.015295680210319367,0.8541353383458646,1.6513222736058668e-06,0.10952330326162243,0.9518796992481202,1.1028078978991561e-10,S03,1,13.0,5,20
0.01113802284161122,0.5927960927960928,0.0011203625924370887,0.00592071845423114,0.594017094017094,0.0010875987990920325,0.04890858572947606,0.7045177045177045,4.095419146363774e-05,S03,1,13.0,6,27
-0.0038096613109506196,-0.27450980392156865,0.28629837865879204,-0.0030383103288492233,-0.25980392156862747,0.31391716151942517,-0.03734136489866214,-0.5098039215686275,0.036568145531216414,S03,1,14.0,1,17
0.0024668221344726652,0.18774703557312253,0.3909714729657896,0.00045718238234016223,0.07707509881422926,0.7266792044274876,0.02760248115663312,0.20256916996047433,0.35394111111825355,S03,1,14.0,2,23
0.007326775232795625,0.2720588235294118,0.2907959385044185,0.004202047276499176,0.13970588235294118,0.5928010818860754,0.011809979639777214,0.07107843137254903,0.7863266619781206,S03,1,14.0,3,17
0.00018134896505151902,-0.002307692307692308,0.9912651655388018,7.762090922090997e-05,0.011538461538461539,0.9563453574358284,-0.009185378183559589,-0.1769230769230769,0.3975359801687698,S03,1,14.0,4,25
0.007199945222573411,0.32467532467532473,0.14041381301499195,0.0023776304286583618,0.25014116318464147,0.2615456789659446,0.02961326844295674,0.24788255223037836,0.26601937978240725,S03,1,14.0,5,22
-0.0012570358512112878,-0.028797289666854884,0.8987720143803855,-0.001987911334149932,-0.3811405985319029,0.08009881431156599,-0.028443108421856888,-0.27385657820440434,0.21747614103474325,S03,1,14.0,6,22
0.0007786113588033868,0.1491525423728814,0.25536981593215724,0.00036762549123223496,0.16726868574604062,0.20145264878066907,-0.014509276022714103,-0.15459849958321759,0.23822673022179858,S06,1,6.0,1,60
0.0006905129648322113,0.11363636363636363,0.5357449997635357,-0.0001525400576968144,0.0157624633431085,0.9317656628657869,-0.025807483166531628,-0.658724340175953,4.14936715199796e-05,S06,1,6.0,2,32
0.00029792167154709407,0.07697947214076245,0.6753924433529066,0.0002888519633816287,0.1220674486803519,0.5057047621435786,-0.022379528679498155,-0.5612170087976538,0.0008326752049209893,S06,1,6.0,3,32
0.0006427120994152299,-0.010121457489878543,0.9512369975859083,0.0005143163147065067,-0.044736842105263165,0.786831748273271,-0.024483241734922764,-0.46275303643724697,0.0030141130782105675,S06,1,6.0,4,39
0.003320162535763778,0.40956618464961064,0.024602214878570946,0.0020023019104313386,0.335706340378198,0.069731338234315,0.002165380763420182,0.16129032258064516,0.39450240707300055,S06,1,6.0,5,30
0.003150609798723707,0.3278260869565217,0.11785162108888597,0.0009673489322495322,0.1660869565217391,0.43796690160823903,-0.01626555630790162,-0.5278260869565217,0.008027129921072611,S06,1,6.0,6,24
0.0003976257208099025,0.023339816615726594,0.8595002107091111,0.00045822662264401697,0.17415948874687417,0.1832377610548924,-0.004751605216902132,-0.051236454570714095,0.6974368864731331,S06,1,7.0,1,60
0.0009605955317719724,0.21485986250661024,0.09633722340957915,0.00041001786042876376,0.21713379164463245,0.092781362355901,0.004110277285163286,-0.010946589106292964,0.9332716228004563,S06,1,7.0,2,61
-0.0007456535532255316,-0.13964990275076414,0.2872409537527852,-0.0004190797039750456,-0.05790497360377884,0.6603255244183783,-0.0005392677161849598,-0.05101417060294527,0.6986867547847623,S06,1,7.0,3,60
-0.00019518574026790994,-0.10387550049104784,0.4217158654198384,-0.00012746860521679933,-0.07788773891365113,0.5473586380468038,0.005374809057493227,0.23723905215179675,0.06336692073719728,S06,1,7.0,4,62
0.0022720028750406024,0.36634508665585247,0.0075604438384088484,0.000799993987359531,0.2638948177238965,0.058707873441300254,0.031047763565187913,0.49816443268163574,0.00017118337922297596,S06,1,7.0,5,52
0.0004235114731693519,0.1060285563194077,0.41606106841226764,0.00016067267944280038,0.06504494976203067,0.6184590443081331,-0.0006582664561979764,0.0425171866737176,0.7449183078162012,S06,1,7.0,6,61
0.0005199067622896491,0.1236652236652237,0.36837572499145943,0.0008456880630734941,0.270923520923521,0.04542887000802984,-0.021351384352192467,-0.4551948051948053,0.0004797880526283574,S06,1,10.0,1,55
-0.002740686379248677,-0.34089619965967105,0.027158599395986967,-0.0014954699321200933,-0.24301110120735764,0.12097055721274198,-0.029605895452633445,-0.7018069848472571,2.238920470252038e-07,S06,1,10.0,2,42
0.0013340341191837618,0.22792173453199363,0.07728987215939617,0.0012464889306903742,0.3858804865150713,0.002130706157512083,-0.00986145093616171,-0.05129561078794288,0.694613485420642,S06,1,10.0,3,61
-0.0002792535952712811,-0.022739291380222102,0.8619064603694584,-0.00015630915295377658,-0.06203067160232681,0.6348510693886054,-0.0070475506990548085,-0.14500264410364885,0.26485779050067015,S06,1,10.0,4,61
-0.0005538104603504769,-0.07969328397673188,0.5415173420630318,-2.2309021399496056e-05,0.028186144896879952,0.8292766456847552,-0.005347921582875122,-0.0514013749338974,0.6940148171931414,S06,1,10.0,5,61
0.0007134680516168078,0.18405112531258686,0.1592133708481898,0.0004911125643967243,0.16148930258405117,0.21769260889591135,-0.0029610657167103093,-0.0898027229786052,0.49501342705474327,S06,1,10.0,6,60
-0.007757467641497565,-0.5375494071146245,0.008160380153111409,-0.004398583131770421,-0.4525691699604743,0.030129662316674855,-0.01631690464598066,-0.15118577075098816,0.49107386245475415,S06,1,13.0,1,23
0.00263049831819067,0.25183284457478,0.16439794285045076,0.0016943496415762495,0.2412023460410557,0.18355279693280874,0.004616030513853881,0.1785190615835777,0.32829170115862627,S06,1,13.0,2,32
-0.012667417185030524,-0.5663466967814795,0.005999065345137042,-0.006053387234959906,-0.48277809147374373,0.02285806342926678,-0.035084726156977476,-0.8723884810841334,1.208196712189777e-07,S06,1,13.0,3,22
0.0038431927698797776,0.25357142857142856,0.3618161038158896,0.002556661924869028,0.2178571428571428,0.43539267351553756,-0.025313801878286118,-0.23571428571428568,0.39770294590327293,S06,1,13.0,4,15
0.0009877669322626013,0.03181312569521691,0.8674600788223281,0.0010635451538487458,0.10656284760845385,0.5751604749636791,-0.002356973688107026,0.11946607341490545,0.5294820243344482,S06,1,13.0,5,30
0.018774453518868427,0.7475490196078433,0.0005612381524319418,0.013398484286092695,0.7794117647058825,0.00022569855648436904,0.08260237139487193,0.5612745098039216,0.019063465403200246,S06,1,13.0,6,17
0.001594637875352055,0.11071428571428568,0.6944626472070963,0.0004190154930884367,-0.028571428571428564,0.9194899083821857,0.02987858699542255,0.13928571428571426,0.6205460876279014,S06,1,14.0,1,15
0.004186886569435377,0.22058823529411767,0.3948890883363402,0.0015286827185620722,0.06127450980392158,0.8152828502754565,-0.025768460785059073,-0.04411764705882353,0.8664832749198724,S06,1,14.0,2,17
0.0010418879308823903,0.019607843137254905,0.9404583435037518,-0.0006791008673546381,-0.014705882352941176,0.9553274855428822,-0.01508375592088529,-0.06127450980392158,0.8152828502754565,S06,1,14.0,3,17
0.006042646411957966,0.34705882352941175,0.18783442010629964,0.005980488401094622,0.5411764705882353,0.030400218888170214,0.0136448119009566,0.023529411764705882,0.931073583667659,S06,1,14.0,4,16
0.020149432234227178,0.807142857142857,0.0002752442706954192,0.00977425306350474,0.7999999999999999,0.00034226983303569167,-0.0076867966674829405,-0.024999999999999998,0.9295289708192378,S06,1,14.0,5,15
0.007327644863855812,0.34411764705882353,0.19185563142554293,0.004803790092741693,0.3147058823529411,0.23515831926634445,-0.10534641016828077,-0.5794117647058823,0.018662529417711946,S06,1,14.0,6,16
0.017537744046009583,0.40034188034188034,0.04270205230111203,0.009212554723402955,0.3558974358974359,0.0743544673214977,0.016037630923571695,0.2793162393162393,0.1670087887264999,S09,1,6.0,1,26
0.009567265715384526,0.6194240542066629,0.002110576672057838,0.005888988463301385,0.5053642010163749,0.016432200785230888,0.046331289745004035,0.557312252964427,0.007047807693812935,S09,1,6.0,2,22
-0.008548265892343117,-0.5964912280701754,0.007022521654453099,-0.007345694410497767,-0.7315789473684211,0.00037122223001881486,0.10234868789971814,0.8578947368421052,2.6477931032626356e-06,S09,1,6.0,3,19
0.004487269860191834,0.0935064935064935,0.6868397848627376,0.0033959354704773213,0.11818181818181818,0.6099052209533063,0.017106101455261716,0.22337662337662337,0.3303879088761241,S09,1,6.0,4,21
0.003602885771118548,0.3235294117647059,0.2215741250012429,0.003385984312005025,0.29705882352941176,0.2638630146135225,0.0775176782001243,0.5676470588235295,0.02181459214374292,S09,1,6.0,5,16
-0.006206461759830446,-0.3323529411764706,0.2084998279822084,-0.004584086259110943,-0.19999999999999998,0.45768790507519974,0.025952903317984406,0.3735294117647059,0.15412246989684827,S09,1,6.0,6,16
-0.0006653565213347401,-0.14559599888858019,0.2670055038380527,-0.0002508295477683493,-0.08002222839677689,0.5433292210689491,-0.0038685016254874968,-0.09863851069741597,0.45336953230198285,S09,1,7.0,1,60
0.0010166638336210458,0.1934955050237969,0.13513787842292696,0.0008226923993399259,0.3108408249603384,0.01475842499485143,0.0015878493106668413,0.1691168693812797,0.19259957111939688,S09,1,7.0,2,61
-0.0007328777764560314,-0.2136435748281332,0.09828232197158701,-5.7069356874023346e-05,-0.06425171866737174,0.6227552650479975,-0.003295448795079414,0.17773664727657323,0.17056565902532905,S09,1,7.0,3,61
0.0003972956501385115,0.07324167107350607,0.5748276438633766,0.0005006152576989629,0.16811210999471177,0.19529476252913536,-0.0052878078433941985,0.0023268112109994707,0.985800771917771,S09,1,7.0,4,61
-0.0008753257864348166,-0.1754376215615449,0.17999425948957204,-0.00045324700673419945,-0.14198388441233678,0.279181103120934,-0.0049401118557568895,-0.14742984162267297,0.2609622582433534,S09,1,7.0,5,60
-0.0007312745133601234,-0.1213670464017783,0.3556165095913979,-3.882418273067903e-05,0.008835787718810783,0.9465791129232622,-0.0018441355326495434,0.08496804667963324,0.5186139242678064,S09,1,7.0,6,60
0.0024534331935669902,0.36536224219989416,0.0037872439360049108,0.0015527733484445398,0.3762030671602326,0.0028075208144855723,-0.008925324738696944,-0.05991538868323637,0.6464599246049377,S09,1,10.0,1,61
0.001370436141973741,0.21806057238121704,0.09417642480615372,0.0009011315429592883,0.2329535982217283,0.07325724217769193,-0.01699231091784589,-0.21339260905807172,0.10161419716382641,S09,1,10.0,2,60
0.00028448567859156446,0.009518773135906926,0.9419592263084013,0.0007866593430645741,0.27445795875198303,0.032311971862089395,-0.02415722104463093,-0.35579058699101,0.004892281078594224,S09,1,10.0,3,61
0.0006265366470677705,0.07661290322580644,0.6768548669721728,0.00026022400890418054,0.059017595307917885,0.7483232645558195,-7.72923937664729e-05,0.063049853372434,0.7317376471972665,S09,1,10.0,4,32
0.0016391723836918528,0.27916446324695926,0.029349895900562098,0.0012874674483039524,0.3957694341618191,0.0015934865631691587,-0.03189500184428874,-0.4032258064516128,0.001272435428975697,S09,1,10.0,5,61
-0.0014609031801443464,-0.24843997884717078,0.05352960099593527,-0.0008318605632301415,-0.26123744050766784,0.04199381234065058,-0.020589868209276965,-0.4068746694870438,0.001137616587412711,S09,1,10.0,6,61
0.0016124516880460305,0.20201612903225807,0.2757830440807363,0.0009321121656570802,0.1463709677419355,0.4320347285809347,0.007256726324784039,0.3056451612903226,0.09450192924994572,S09,1,13.0,1,31
0.010905918609826393,0.5684615384615384,0.003028330847108435,0.007983910600249859,0.5823076923076923,0.0022577063492484487,0.03201091130879215,0.5115384615384615,0.008957622350113654,S09,1,13.0,2,25
0.0006651592037507726,0.1651642475171887,0.3505748420328234,0.0006899000196273319,0.16333078686019864,0.356022863255665,-0.007486084675197455,-0.24155844155844156,0.16872489487214376,S09,1,13.0,3,34
0.0011568089804198558,0.07902187902187902,0.6468691697206936,0.000901542042728345,0.11480051480051481,0.5049614567750784,-0.012221477859566452,-0.4985842985842986,0.0019684477424885276,S09,1,13.0,4,36
-0.00019816633660221393,-0.014229249011857705,0.9260852769636394,-0.00019350950759522927,0.010935441370223979,0.9431630084693022,-0.009439239698601888,-0.32793148880105394,0.027868139076865913,S09,1,13.0,5,45
0.001123937995021604,0.09884169884169886,0.5662873571823532,0.0009371477125232925,0.1595881595881596,0.3525193716954591,-0.0060300977151330004,-0.2682110682110682,0.11373925401570756,S09,1,13.0,6,36
0.0063498750331527935,0.5218045112781955,0.0182849434820976,0.003451134524465166,0.39097744360902253,0.08828010210661397,0.02058100468530461,0.4015037593984962,0.07931658537453377,S09,1,14.0,1,20
-0.001941419468474102,-0.20894428152492667,0.2511070599085051,-0.0016857084502829268,-0.25439882697947214,0.15999684254694768,-0.030657489526432533,-0.7096774193548386,5.408766157252227e-06,S09,1,14.0,2,32
0.007991879251689952,0.5556521739130434,0.004817401046333093,0.005759809301769775,0.5156521739130434,0.009906970265358948,0.020690934952345537,0.27304347826086955,0.1967307228902543,S09,1,14.0,3,24
-0.0030262876675743937,-0.17478260869565218,0.41400702240858334,-0.0014351239795014734,-0.14956521739130432,0.48546433225418195,-0.0268340878226171,-0.37739130434782603,0.06905854527666128,S09,1,14.0,4,24
0.0012160876893702337,0.12923076923076923,0.538116551492184,0.0005363859187792858,0.022307692307692306,0.915708552227811,0.00044498894454805327,0.0007692307692307692,0.9970883402731314,S09,1,14.0,5,25
0.0020882810284924705,0.10564102564102562,0.6075215129314937,0.0016260836679046443,0.10153846153846154,0.6216154509711336,0.003585482611878644,0.09811965811965812,0.6334607337921196,S09,1,14.0,6,26
0.0004338146674555025,0.115087524312309,0.38123349553733865,0.00042321637483243264,0.1529313698249514,0.2433883542050256,-0.009817266852342786,0.021561544873575998,0.8701085277245547,S12,1,6.0,1,60
9.302519986655686e-05,-0.026652564780539394,0.8384371837255095,0.0011073137842199392,0.3739291380222104,0.002991956853277964,-0.025703451078410423,-0.741195134849286,8.448234935284805e-12,S12,1,6.0,2,61
-0.0011673302180499094,-0.27694341618191426,0.03071806793564152,5.735498805904866e-05,0.044843997884717074,0.7314707470836525,-0.01826867093469938,-0.23892120571126385,0.06368400213449467,S12,1,6.0,3,61
-0.0008867478324453671,-0.15780010576414594,0.22452313851416764,0.000194064462812911,0.1218931782125859,0.34936752103061974,-0.023043283720390446,-0.5285034373347435,1.1976016843511973e-05,S12,1,6.0,4,61
-0.0009704748892843268,-0.21861628230063912,0.09332006036325413,0.0003365265705069868,0.13242567379827733,0.31314844591559954,-0.017984143184390372,-0.1663795498749653,0.203893432042783,S12,1,6.0,5,60
-0.0009702819484925963,-0.1562539346780489,0.22521707482997103,-1.2386437583011004e-05,-0.009090680164186246,0.9440943435833113,-0.02144878860185678,-0.3021580922162625,0.016992994467595005,S12,1,6.0,6,62
-0.00194142907390734,-0.41517088080022235,0.0009720531857117633,-0.0006488463307044482,-0.30197277021394836,0.019032363380123533,-0.015221543339057553,-0.10997499305362603,0.40288250177926777,S12,1,7.0,1,60
-0.000982471325469922,-0.22778549597110312,0.08005037456053643,2.3349026758233222e-05,0.0034454015004167834,0.97915634312681,-0.012400451165524724,-0.22345095859961103,0.08612406017482607,S12,1,7.0,2,60
-0.0008394329961902052,-0.18477354820783554,0.15755441757569302,-0.00016020379831237797,-0.09424840233398168,0.473815695620026,-0.014353195049798794,-0.18471797721589334,0.15768157471571664,S12,1,7.0,3,60
-0.001117321967333933,-0.22427287149656266,0.08228140425680458,-0.0002805051245172823,-0.10237969328397671,0.43237441467771986,-0.012741788223364206,-0.4912744579587519,5.8137525880418865e-05,S12,1,7.0,4,61
-0.0007877687076674096,-0.2052353252247488,0.11257609323173301,-0.00037906630991886635,-0.2024854574299312,0.11758175703369429,-0.008218792246293845,-0.23982020095187725,0.06266317496612947,S12,1,7.0,5,61
-0.0007462620561879137,-0.13687135315365384,0.29703348487619463,3.057624285162163e-05,0.047624340094470696,0.7178441104388678,-0.009360485818133896,-0.16454570714087252,0.20899357172635116,S12,1,7.0,6,60
-0.0006075740830396632,-0.0924378635642517,0.478606161214303,3.5364000079988895e-05,0.00460074034902168,0.9719284544295632,-0.0009480987196776274,0.1607615018508725,0.21583442920463333,S12,1,10.0,1,61
-0.0010274503146816738,-0.2004445679355377,0.12463488060818054,-8.905773781984488e-06,-0.01394831897749375,0.9157604623533063,-0.016624661560505197,-0.4106140594609614,0.0011192334552887324,S12,1,10.0,2,60
-0.0003920565954673987,0.013481980814104228,0.9207125831479706,0.0005837992941228675,0.143181228934405,0.2879942426054642,-0.0119756302431205,-0.7897977702877885,2.834131902687305e-13,S12,1,10.0,3,57
-0.0001444330215697436,-0.002062400846113167,0.9874141818070836,0.0004426413861348259,0.09428873611845583,0.4698050494655368,-0.013030610250882497,-0.27567424643046,0.031523557394944134,S12,1,10.0,4,61
0.0010892571302023556,0.22850343733474351,0.07651682135543282,0.0011628396359346263,0.3478053939714436,0.00602220951998393,-0.00972576345777136,-0.30206240084611313,0.01798470716152738,S12,1,10.0,5,61
0.0013902576962844934,0.260655737704918,0.042469525257134745,0.001054938183614042,0.315230037017451,0.01334090430264517,-0.004991621970500117,0.007086197778952934,0.9567752931235135,S12,1,10.0,6,61
0.0001683289443516158,-0.01764705882352941,0.9482801500547112,0.001710983853537331,-0.011764705882352941,0.9655081698956276,-0.03639031819738858,-0.8117647058823528,0.00013432237477471032,S12,1,13.0,1,16
-0.020046969818552664,-0.32647058823529407,0.21715949057922948,-0.010362282015709141,-0.3235294117647059,0.2215741250012429,-0.06117730998941576,-0.7617647058823529,0.000605342838070589,S12,1,13.0,2,16
-0.0009450240591779046,-0.044117647058823525,0.8711220048065985,0.00040468835361311405,-0.03529411764705882,0.8967532476935333,-0.04140068224326944,-0.34705882352941175,0.18783442010629964,S12,1,13.0,3,16
-0.017209792815018964,-0.3543859649122807,0.13657327930800361,-0.009593865371013987,-0.28596491228070176,0.23528462978219672,-0.05729290540793423,-0.8614035087719297,2.1677933808964407e-06,S12,1,13.0,4,19
-0.0004884757909828459,-0.02941176470588235,0.9138955872505001,-0.0003253184268274184,0.023529411764705882,0.931073583667659,-0.03622154390658915,-0.5,0.04858028888702393,S12,1,13.0,5,16
-0.02612449537086439,-0.6894736842105263,0.0010913833347078765,-0.017315927736358098,-0.7140350877192982,0.000595020140349383,-0.03170506406806593,-0.7035087719298245,0.0007772711951260754,S12,1,13.0,6,19
-0.0014786021945217937,-0.12347826086956522,0.5654049951421967,-0.002179337512052734,-0.21304347826086956,0.31754525245129134,-0.0350190406908141,-0.32260869565217387,0.12416401155590813,S12,1,14.0,1,24
0.0028908390799189947,0.36173913043478256,0.08240024160942253,0.001654429934106055,0.2756521739130435,0.19231697608300116,-0.015741924411605927,-0.3565217391304348,0.08725310458309894,S12,1,14.0,2,24
-0.0044183796730213765,-0.2364532019704433,0.21685576079883298,-0.00039667148508901423,-0.06453201970443348,0.7394542125298722,-0.05010935180789678,-0.7551724137931033,2.1950787178488136e-06,S12,1,14.0,3,29
-0.002648115474592607,-0.14025974025974028,0.5442470998307319,-1.4332037635560918e-05,0.04155844155844156,0.8580477762660439,-0.02955006565217512,-0.387012987012987,0.08306017415904401,S12,1,14.0,4,21
0.009760756676079164,0.6544117647058824,0.004367978540420787,0.00601210845423613,0.5294117647058825,0.028855722586286214,0.05350874824208547,0.37500000000000006,0.13803484396804858,S12,1,14.0,5,17
-0.001091971564979186,-0.060150375939849614,0.8011125555760907,-0.001656587099072013,-0.07518796992481201,0.7527267095067718,-0.009963712898383747,-0.2045112781954887,0.38709023775567686,S12,1,14.0,6,20
0.0071076502366235195,0.6323529411764707,0.006453788053382704,0.004195537945592778,0.5490196078431373,0.022461151768182565,0.06173812738993878,0.5318627450980392,0.027987612204855027,S15,1,6.0,1,17
0.0033291543614928113,0.3506493506493507,0.10960578840374147,0.002026999840606695,0.313382269904009,0.155560751936561,0.10672496408306963,0.5968379446640317,0.0033644050001754946,S15,1,6.0,2,22
0.0033116963037763286,0.24675324675324672,0.28089567126311865,0.003627402546817775,0.49610389610389616,0.022176831557460006,0.0728938857472518,0.5233766233766234,0.01490000636370951,S15,1,6.0,3,21
0.010375368990525949,0.6727272727272726,0.0008333435326227538,0.006456446539212351,0.6064935064935064,0.003559301989284216,0.07090188398037313,0.5792207792207792,0.005931730203525635,S15,1,6.0,4,21
-0.0015641705481975387,0.06127450980392158,0.8152828502754565,-0.0022981476983950215,-0.08333333333333334,0.750504450153402,0.0658468113937848,0.5122549019607844,0.03552652411689097,S15,1,6.0,5,17
0.0019280086887347979,0.08823529411764705,0.7452220943671326,0.0016469635160692511,0.07941176470588236,0.770025319039825,0.08036901740007323,0.3588235294117647,0.17230386289263244,S15,1,6.0,6,16
-0.00037518225498696763,-0.05817028027498676,0.6561009253850172,-0.00045731981729319897,-0.10634584875727128,0.4146594533380752,0.009014680286223846,0.27789529349550496,0.03012531282892409,S15,1,7.0,1,61
0.0005350707225588121,0.13664906918588499,0.2978261671051075,0.0004596880645525076,0.183273131425396,0.16101429101583906,-0.0066811291982256564,-0.12147818838566272,0.3551728584837054,S15,1,7.0,2,60
-0.002093338440585297,-0.17108977978543197,0.4464902890766693,3.326038557000789e-05,-0.042348955392433656,0.8515642629643547,-0.018873865413131918,-0.30321852060982496,0.1701399245217479,S15,1,7.0,3,22
0.0004327240249588393,0.0842411422527763,0.5186150105678765,9.515878880096569e-05,0.033315705975674244,0.7988067800674485,0.009621470534994772,0.23416181914331038,0.0693134459070166,S15,1,7.0,4,61
0.00025200719695710357,0.1040190375462718,0.42500102156958486,0.00031117411661589435,0.137123215230037,0.2919753221355704,-0.006956296000798991,-0.18794288736118453,0.14692625867130377,S15,1,7.0,5,61
-0.0007928127595156282,-0.16023268112109992,0.217368420805232,-0.0004795289679746735,-0.12506610259122156,0.33687040784935773,-0.0006165238178849653,-0.04912744579587519,0.7069266252193328,S15,1,7.0,6,61
0.001244461126513582,0.19142391337783385,0.15002158190316264,0.0010596452236713424,0.2525146882401797,0.05583151097507506,-0.015286801869638987,-0.2499923098218955,0.05840952462571623,S15,1,10.0,1,58
-0.0019681659277852068,-0.04798387096774194,0.7976948393884296,0.00016667550049837446,0.05241935483870968,0.7794334705896993,-0.03189703965856582,-0.3443548387096774,0.05783088843188054,S15,1,10.0,2,31
0.0020842393983492463,0.1804115783321542,0.17534938947928227,0.0021093774382224388,0.2438401673382756,0.06510205796836276,-0.0023219554076989624,-0.0470946507121105,0.7255512650434202,S15,1,10.0,3,58
0.0018214527193266424,0.20946589106292965,0.105196761586348,0.001764492882463718,0.27525118984664193,0.031795945106179946,-0.009353148730284882,-0.1188260179799048,0.3617168913607145,S15,1,10.0,4,61
0.001693286083679063,0.20967741935483866,0.10483785906882828,0.0014072070091176673,0.25489159175039655,0.047427739576912646,0.000273969289262867,0.01591750396615547,0.9030927036206944,S15,1,10.0,5,61
0.0015080215322844743,0.11956636700158643,0.3587118779012143,0.0013332163854002188,0.1933897408778424,0.13535555592677953,-0.010223431042114617,-0.2214701216287678,0.08628569473972036,S15,1,10.0,6,61
0.03791892545785676,0.7749999999999999,0.0006896453939514363,0.02582147346134378,0.7928571428571427,0.0004220771851923507,0.02385879341685601,0.12857142857142856,0.6479163294665075,S15,1,13.0,1,15
0.013716067749259892,0.5765104460756635,0.004977465528440754,0.008512912055108013,0.593450028232637,0.0035977028314489613,0.047099956949068086,0.5945793337097686,0.0035184766286553517,S15,1,13.0,2,22
0.03518647637599662,0.77593984962406,5.796529340653608e-05,0.01765515760395546,0.7383458646616541,0.00020142943078836726,0.21430562607113426,0.6992481203007518,0.0006016416290038306,S15,1,13.0,3,20
0.02300582674653525,0.6284829721362228,0.005214699418213291,0.01394437996100015,0.6449948400412797,0.003849373038824422,0.09506562685270321,0.3457172342621259,0.15995306278645896,S15,1,13.0,4,18
0.023433459895624332,0.7667698658410733,0.000205354165077799,0.015298279052559323,0.7089783281733747,0.0009869258677951244,0.09615639904188455,0.5521155830753354,0.017512914698683386,S15,1,13.0,5,18
0.01704150655956509,0.6821465428276574,0.0018170810177521779,0.008756510952572532,0.6738906088751291,0.0021659578599511273,0.03669792941337966,0.4592363261093911,0.05521566198726722,S15,1,13.0,6,18
0.005035484550240006,0.17447769621682668,0.43740178605254565,0.0013490326972477673,0.09655561829474874,0.6690506468846462,0.007602830063455477,0.19480519480519481,0.3849848159236804,S15,1,14.0,1,22
0.007823183563026442,0.15979672501411638,0.4774887142899461,0.004725514054118452,0.2252964426877471,0.3134123757420365,0.004276699603282124,0.12478825522303785,0.5800486861512526,S15,1,14.0,2,22
0.008117760280683301,0.46917293233082696,0.036896559181429193,0.005550098640299154,0.4947368421052631,0.02657864740545714,0.009505314530900554,0.022556390977443608,0.9247982163788796,S15,1,14.0,3,20
0.003544189278222626,0.12105263157894736,0.6215490254755145,0.002215819704627229,0.13859649122807016,0.5714909256572165,-0.0038618931553947747,-0.056140350877192984,0.8194314004326242,S15,1,14.0,4,19
0.00037830909431709755,-0.040869565217391296,0.8496151500324182,-0.0011670580179106447,-0.1026086956521739,0.6332868165639748,0.009023858085348176,0.1060869565217391,0.6217515088671186,S15,1,14.0,5,24
-0.004546469174344935,-0.2788177339901477,0.14301365525842863,-0.003422456822303853,-0.27389162561576347,0.1505096704509789,-0.004579516830834799,-0.04679802955665024,0.8095074450604085,S15,1,14.0,6,29
-0.0003201579804217311,-0.06473859844271414,0.7339486010716716,-9.16486625507072e-06,-0.06562847608453837,0.7304254391781346,0.021804883059663004,0.1835372636262514,0.3316281105766702,S18,1,6.0,1,30
0.001148341002202294,0.034055727554179564,0.893282818838896,-0.00202152176243219,-0.07946336429308565,0.7539561864360347,0.03121031876100603,0.4489164086687306,0.061657362626140765,S18,1,6.0,2,18
-0.004773432161624319,-0.4052173913043478,0.04948640343954962,-0.00459515647064982,-0.4756521739130434,0.01881128388890944,0.005618843028158908,-0.006956521739130434,0.9742640605332525,S18,1,6.0,3,24
-0.0038441302458397226,-0.46651835372636263,0.009357934968660869,-0.003677970780272445,-0.5572858731924359,0.0013785162896569195,0.03562551748809444,0.2636262513904338,0.1592408056002902,S18,1,6.0,4,30
-0.005767738973375701,-0.5961538461538461,0.0016611241919869072,-0.004331218658260822,-0.44076923076923075,0.027430675282943608,0.013604861326329697,0.08923076923076922,0.6714489122271149,S18,1,6.0,5,25
-0.0009094297102137108,-0.08434782608695651,0.6951626031358499,-0.0003719424453841098,-0.08869565217391304,0.6802397967489955,0.0114441664872506,0.25217391304347825,0.23452757092161947,S18,1,6.0,6,24
0.0017820340784792076,0.3213643574828133,0.011557061561739674,0.0011004670823759842,0.21353781068217872,0.09845289467979773,0.0037403116924051316,0.11729243786356425,0.3679902833728027,S18,1,7.0,1,61
0.0022806355519452803,0.4118455843469064,0.0009746510705339706,0.001630197410149163,0.3924378635642517,0.0017590865798962209,-0.010241656763875865,-0.3481226864093072,0.005973281541498695,S18,1,7.0,2,61
0.0009365023974950165,0.17786003878018686,0.16665702756941803,0.0006388459046726308,0.18994736974641788,0.13921825310386526,0.001988071606693616,0.10765279141799501,0.40493926370672917,S18,1,7.0,3,62
0.0013558732263822008,0.25748281332628237,0.04514311413373712,0.0012030321935164825,0.2604970914859862,0.04260003300959219,-0.012289930233592804,-0.43934426229508194,0.00039656323716052316,S18,1,7.0,4,61
0.0006209964890849577,0.10830786329535985,0.4100940735398181,0.0006544010049353029,0.10036121144762435,0.4454809020461171,-0.0055679979325566915,-0.05179216449013616,0.6943157177783175,S18,1,7.0,5,60
0.0017194139878918054,0.3122534037232565,0.015144928851834485,0.0010128092016241594,0.20978049458182835,0.10767600243577885,-0.004633156638904292,-0.11358710752986942,0.3875137035667544,S18,1,7.0,6,60
0.0021423483102711617,0.2837652035959809,0.02667780226255355,0.002089240011535069,0.27250132205182437,0.03361479359581103,-0.03036876192473259,-0.5092543627710205,2.7737629001333544e-05,S18,1,10.0,1,61
0.0011650223203578188,0.1609891636565713,0.21913987236564628,0.0005579684338966539,0.08613503751041958,0.5128658833252504,-0.02421227022157941,-0.19105307029730484,0.14366803328702477,S18,1,10.0,2,60
0.001196805779221076,0.07509881422924902,0.7334365351453347,0.0009793324092639464,0.14624505928853757,0.5055081139657105,-0.015415088903268459,-0.40711462450592883,0.05385026270864839,S18,1,10.0,3,23
0.002245898549091406,0.2596218020022247,0.16590716710410308,0.00027046778103493604,0.07675194660734148,0.6868596934199,-0.004737632022173712,-0.23025583982202447,0.2209128441406057,S18,1,10.0,4,30
-0.0040880766163034505,-0.40161290322580656,0.025128180180151647,-0.003250464704328266,-0.483467741935484,0.005863384669614579,-0.016781661454185907,-0.6935483870967744,1.519446373577683e-05,S18,1,10.0,5,31
-0.0010956418751279357,-0.19108582266477003,0.25725067858040135,-0.0008493273851735824,-0.24039829302987195,0.15179721261733764,-0.021566211416589223,-0.6353722143195827,2.390519698381685e-05,S18,1,10.0,6,37
0.0017065637016894703,0.19130434782608693,0.37053280666994315,0.0015625211147639604,0.22,0.3016203705478416,-0.020118423701832065,-0.4652173913043478,0.02197765456417165,S18,1,13.0,1,24
-0.006333800369500816,-0.3408695652173913,0.10309920611122532,-0.005212185332292617,-0.4252173913043478,0.03832022472876961,-0.010410707435709045,-0.1452173913043478,0.4983794692456115,S18,1,13.0,2,24
0.0020749379087947133,0.1455645161290323,0.4346033734489133,0.0015713053248330308,0.12540322580645163,0.5014664593811892,-0.010289575075340125,-0.5044354838709678,0.00380708014542501,S18,1,13.0,3,31
-0.0032081029555837606,-0.23145161290322586,0.21027620819409898,-0.0026542256896865874,-0.25685483870967746,0.16305538630281866,-0.009687671126653615,-0.12298387096774195,0.5098216867593602,S18,1,13.0,4,31
0.00391685277085827,0.0588235294117647,0.8286807500332258,0.0042609600256608435,0.07352941176470588,0.7866792491258565,-0.04458229620460743,-0.36176470588235293,0.16855882250388438,S18,1,13.0,5,16
0.0006639179658447435,0.07142857142857141,0.8002959873970544,0.001454282897003532,0.04285714285714285,0.8794603130258999,-0.027258831806311664,-0.3321428571428571,0.2264717590707243,S18,1,13.0,6,15
-0.006284975069461947,-0.58300395256917,0.0035040590473341127,-0.0050891588575350845,-0.6136363636363635,0.0018445825485394864,-0.06251646026937203,-0.567193675889328,0.004765683175308171,S18,1,14.0,1,23
-0.006015284724919171,-0.41298701298701296,0.06278443721893982,-0.0058150460806728555,-0.45194805194805193,0.03970201724016005,-0.03569226176628399,-0.6220779220779221,0.0026035229855589626,S18,1,14.0,2,21
-0.0006054790971151429,-0.13106295149638802,0.6041941281040613,-0.004109067249578284,-0.29205366357069146,0.23960176390544208,-0.005042489734863927,-0.06501547987616099,0.7977151313810279,S18,1,14.0,3,18
-0.010175390330861215,-0.6375939849624059,0.002492844809327135,-0.008257337187018456,-0.724812030075188,0.000300230546177394,0.04778114344013796,0.26315789473684204,0.2622871228754285,S18,1,14.0,4,20
-0.008942716375442776,-0.5347261434217957,0.010347788552301652,-0.010793416928167859,-0.68944099378882,0.00038605000175165755,-0.022293408576563006,-0.3201581027667985,0.1463415037832898,S18,1,14.0,5,22
-0.003832345660043526,-0.3310483870967742,0.06889074329695447,-0.0025003164887663293,-0.3209677419354839,0.07831409664073877,-0.024156059990270422,-0.41330645161290325,0.020830462334677866,S18,1,14.0,6,31
0.01610408471424513,0.4964285714285714,0.05979741374992401,0.006905854528637637,0.4892857142857142,0.06416038631454055,-0.03715659925992014,-0.3928571428571428,0.14746665531132622,S21,1,6.0,1,15
3.922707890217027e-05,0.004283447911158117,0.9738637232815672,0.0005388063993614654,0.2374933897408778,0.06533278351122988,-0.011296951299193055,-0.24674775251189845,0.05523164562235467,S21,1,6.0,2,61
0.0033948371795168067,0.3806754221388368,0.015381132263578429,0.0033320294299687327,0.5596622889305818,0.00017357223471205587,-0.0174814352318257,-0.6544090056285179,4.642445422192547e-06,S21,1,6.0,3,40
0.00079880092607763,0.15806451612903222,0.22373760549124563,0.0005573343000425018,0.17424643046007401,0.17925447107261192,-0.004341088684243385,-0.17070333157059756,0.18839840827736853,S21,1,6.0,4,61
0.002491226585733978,0.418760958503799,0.0009638790942083883,0.0014578139136479254,0.4036820572764466,0.001521768053133425,0.0036236707373583214,0.1341905318527177,0.3109287067750053,S21,1,6.0,5,59
0.0008312328836363313,0.14480655612731083,0.29614939178646965,0.0008516123562696239,0.208461978273299,0.13035442355190693,-0.005300238311273471,0.018486754335810936,0.8944449566042723,S21,1,6.0,6,54
-0.00029853690323253164,-0.07074187274242848,0.5911910204843271,7.782965961026596e-05,-0.03400944706863019,0.7964308297775728,-0.0007054265979094614,0.16876910252848018,0.19738101481277745,S21,1,7.0,1,60
0.00026011370710858465,0.045267054468535156,0.7290342125668545,0.0004457291968660309,0.14124801692226333,0.277560981699958,0.0003471677240596796,0.1641988365943945,0.20604849063204267,S21,1,7.0,2,61
-2.8006357680822012e-05,-0.012215758857747222,0.9255557727980561,-0.00020851363610477076,-0.11745108408249602,0.3673382682506686,0.0023776884304789188,0.20973030142781593,0.10474828159258227,S21,1,7.0,3,61
-0.0006993753470560897,-0.23043992848329178,0.07156191227670436,2.430139570965791e-05,-0.08826269799299942,0.4951309655634373,0.0012311946184349548,0.11757447558610963,0.3627677702710439,S21,1,7.0,4,62
-0.0010288644128475391,-0.20518244315177153,0.11267078696902023,-0.0006142820579043933,-0.29592808038075086,0.02058093542466034,0.0020234110389894555,0.18519301956636697,0.15304048677793247,S21,1,7.0,5,61
0.0001561336140088729,-0.014119513484928608,0.9139949982319149,0.0001656125082570886,0.05203595980962453,0.6904267247384142,0.0030024352874411797,0.28207297726070857,0.027635808278188553,S21,1,7.0,6,61
0.010021326265282779,0.16666666666666666,0.4952660907838654,0.008560452916816593,0.2175438596491228,0.37096957539137776,-0.03190992723892359,-0.37543859649122807,0.11319758006806778,S21,1,10.0,1,19
0.016805171896664042,0.4831168831168831,0.026518455375827765,0.012349010220750228,0.5389610389610389,0.011700072360478082,0.04417148770267774,0.36363636363636365,0.1051493087055121,S21,1,10.0,2,21
0.009809687946288238,0.3608695652173913,0.08319459278354294,0.006497154260051004,0.3,0.15436300913601084,-0.00088160576525125,0.003478260869565217,0.9871304734643621,S21,1,10.0,3,24
-0.004637155066046354,-0.15882352941176472,0.5568612810855389,-0.002521319541751636,-0.008823529411764706,0.9741279946623942,-0.06380940957748397,-0.8558823529411764,2.3449156927289165e-05,S21,1,10.0,4,16
0.0023503774293772554,0.13893557422969188,0.4260469069376541,0.0027926264201843113,0.21512605042016805,0.21457815322670265,-0.031685045598315226,-0.6677871148459383,1.172587291939211e-05,S21,1,10.0,5,35
0.002751945288298593,0.2911686938127974,0.02280854597895265,0.0022397618340961063,0.36996298254891585,0.003339542274132628,-0.01818988365174938,-0.25235325224748806,0.049756728625006144,S21,1,10.0,6,61
0.022210354109746012,0.8857142857142858,2.0720473917345232e-07,0.013981731929714566,0.9263157894736842,4.644139791699116e-09,0.09787881240250171,0.6421052631578947,0.002269879567318683,S21,1,13.0,1,20
0.03002887016357977,0.7585139318885449,0.00026364612959071276,0.019137523497310995,0.7523219814241485,0.00031600857312329123,0.11682772817101494,0.6222910216718266,0.005818551360831045,S21,1,13.0,2,18
-0.03334283376890473,-0.8558823529411764,2.3449156927289165e-05,-0.02080597021356995,-0.8382352941176471,5.010342100683478e-05,-0.06272592142686419,-0.5852941176470587,0.017225286616094855,S21,1,13.0,3,16
0.0012340678813881933,0.08658536585365856,0.5903809992429288,0.0007581159924224789,0.07735191637630663,0.6307310759611222,0.0020246016858443106,-0.08641114982578399,0.5911316492387257,S21,1,13.0,4,41
0.021985614663150098,0.8228070175438595,1.5232584971698892e-05,0.016695703408994345,0.8368421052631579,7.945754181709547e-06,-0.006444893335123561,-0.1105263157894737,0.6523856873272676,S21,1,13.0,5,19
0.016475218675538562,0.7097744360902255,0.0004558392343877832,0.010689134780208618,0.6962406015037594,0.0006499244054973399,0.0031728437097891383,0.05263157894736842,0.825581450455932,S21,1,13.0,6,20
0.016002676206907193,0.6030075187969924,0.004886612315025838,0.009717764310713526,0.5383458646616541,0.01433546239679361,0.1933889108562816,0.706766917293233,0.0004940441153149169,S21,1,14.0,1,20
-0.016105985175331763,-0.7999999999999999,0.00034226983303569167,-0.009590585484345708,-0.6928571428571427,0.0041902329602981365,-0.09239177803253085,-0.9107142857142855,2.395020837207069e-06,S21,1,14.0,2,15
0.018818909436666618,0.6594427244582043,0.0029088627228155833,0.012008048181163229,0.6615067079463364,0.002791461831762223,0.13057967177400046,0.5128998968008256,0.029506553722099375,S21,1,14.0,3,18
0.009504099332392036,0.3385964912280702,0.15618974502366012,0.00621610606903961,0.4719298245614035,0.0413467677860647,0.08470704532591665,0.5087719298245614,0.02611213991126189,S21,1,14.0,4,19
0.01317012881385318,0.5294117647058825,0.028855722586286214,0.0067808826328096235,0.5049019607843138,0.03872104887870621,0.1805563131807553,0.7083333333333334,0.0014610497738465622,S21,1,14.0,5,17
0.00913047787713331,0.2911764705882353,0.27388704841914874,0.003886656420173809,0.25588235294117645,0.33878990807124576,0.15879345647214213,0.611764705882353,0.011788405053115212,S21,1,14.0,6,16
0.011962134987730048,0.773498194550826,1.2450313452641254e-08,0.009590068371445238,0.9013021118284277,1.212722285858301e-14,-0.050344965400641574,-0.6969033811139075,1.1708312584547275e-06,S24,1,6.0,1,38
-7.200292494491338e-05,0.011184715821812595,0.930670810678789,0.00012048832453869708,0.08237327188940093,0.5209919889564734,-0.00862682221438353,0.029473886328725035,0.818630445917907,S24,1,6.0,2,63
0.006002048396368046,0.5734817813765183,0.00013544102311744538,0.004930733684110489,0.6319838056680163,1.5942024710842033e-05,-0.024191203101832794,-0.15020242914979756,0.3614067522621749,S24,1,6.0,3,39
0.007785625169055115,0.7191763191763192,7.750834738457479e-07,0.0058004276359542375,0.7727155727155729,3.355266755819786e-08,-0.04429842764405583,-0.41981981981981986,0.01080269751134378,S24,1,6.0,4,36
0.0068085871795403406,0.8546558704453441,4.429121529715323e-12,0.004992770292513273,0.8874493927125506,5.217154962310188e-14,-0.027809400742897058,-0.4410931174089069,0.004942902577411387,S24,1,6.0,5,39
0.0057581318349535894,0.6463903743315509,4.828848948348505e-05,0.005557590651893349,0.7743983957219251,1.2373309072686576e-07,-0.034220903101447216,-0.6681149732620322,2.150958229653381e-05,S24,1,6.0,6,33
0.0016589443313278515,0.3183662128368992,0.01317317722666763,0.0016611185607691484,0.40861350375104205,0.0011899626593463006,-0.00636741249195634,-0.039288691303139764,0.7656710192622621,S24,1,7.0,1,60
-0.0006812728941094471,-0.16245372818614487,0.2109767490696209,-0.0004167257866300796,-0.16287678476996295,0.20977446259041574,0.005274092966824186,0.03765203595980962,0.7732776557893966,S24,1,7.0,2,61
-0.0018383030091450464,-0.3476923076923077,0.012419228373899669,-0.0016709222829726566,-0.25873303167420814,0.06676226103629283,0.019081095972169244,0.24941176470588236,0.07756209086385413,S24,1,7.0,3,51
0.00038769235836057686,0.07224698446274333,0.5768264680410997,0.00017022403934156222,0.02576112412177986,0.8424597433971099,0.011484175876947495,0.11807811437636928,0.36070120181274967,S24,1,7.0,4,62
0.002556465512540716,0.4033698156682028,0.0010454119629440606,0.002065392937250571,0.5020641321044547,2.7605657762463716e-05,-0.0205878265404373,-0.26550499231950847,0.035458182515769515,S24,1,7.0,5,63
0.006813384714146919,0.7384813384813386,2.7261135179111245e-07,0.00457320003764402,0.7104247104247106,1.2107139031048962e-06,-0.06900647145345733,-0.2990990990990991,0.07638164211402865,S24,1,7.0,6,36
-0.0018986412580896616,-0.1403225806451613,0.451501665737158,-0.00071715362583797,-0.05,0.7893805899538378,-0.012798870097652638,-0.5915322580645161,0.0004571085474415951,S24,1,10.0,1,31
-0.003666208080407121,-0.3140974967061923,0.035619775779900456,-0.003157352804745403,-0.3902503293807641,0.008044242161210708,0.022371549361550603,0.07549407114624505,0.6220952720789187,S24,1,10.0,2,45
0.0015125230105998476,0.11428571428571428,0.6218181517971058,0.004408121959402647,0.37532467532467534,0.09362577329735093,-0.02569888522063123,-0.9272727272727272,1.5115207625362022e-09,S24,1,10.0,3,21
0.004207343397135846,0.23458646616541348,0.3194764651496698,0.005325788025598893,0.37744360902255636,0.10087319118710471,-0.032696651528745124,-0.7819548872180451,4.6467758941161795e-05,S24,1,10.0,4,20
-0.0001689024335973075,-0.03431372549019608,0.8959808104551743,0.0024536846685267962,0.32598039215686275,0.20163694355296383,-0.024124982695292715,-0.7818627450980392,0.00020916180432210761,S24,1,10.0,5,17
0.013121201925078409,0.5686274509803922,0.013800437611725471,0.013108868900474257,0.7770897832817338,0.00014812554588688426,0.04327681238639558,0.07120743034055728,0.7788829476841138,S24,1,10.0,6,18
0.012542476876055761,0.582202447163515,0.0007374671290622049,0.00991351703997581,0.6569521690767519,8.032165733617396e-05,0.00419881536035333,0.1604004449388209,0.3971508169232242,S24,1,13.0,1,30
0.00020871632936319051,0.012605042016806725,0.9427078259146925,0.0017808509878495108,0.10168067226890756,0.5610962321645716,-0.02116818467140405,-0.5478991596638656,0.0006568320201270955,S24,1,13.0,2,35
0.0034370891746905046,0.25396825396825395,0.19219664306274842,0.0035788587172348044,0.35851122058018614,0.06101407368504098,-0.025848520330639224,-0.8275862068965517,5.5645520567641327e-08,S24,1,13.0,3,28
0.0004617241762921699,0.04630541871921181,0.8114768200328777,0.0015678125956341707,0.1334975369458128,0.48995303271098434,-0.019384586191960446,-0.7251231527093595,8.60232974580666e-06,S24,1,13.0,4,29
0.007589275574478269,0.4461538461538461,0.02233743966258932,0.006357115557454622,0.6095726495726496,0.0009471012359945611,-0.021809842087673413,-0.6123076923076922,0.0008850725079017879,S24,1,13.0,5,26
0.0074017984629773685,0.3247863247863248,0.09834246941059047,0.006285346926563457,0.3418803418803419,0.08090912937685263,-0.028254448835318434,-0.7661782661782661,3.1811671617345177e-06,S24,1,13.0,6,27
0.00022432245896585048,0.021671826625386997,0.9319797351987382,0.0014316682658796344,0.11867905056759545,0.6390493358496443,0.10807900770913278,0.7192982456140351,0.0007666636665897179,S24,1,14.0,1,18
0.005809778168025445,0.38149972632731255,0.045160296096053106,0.004855969528429725,0.3940886699507389,0.03797994627218803,-0.016907347222073797,-0.3552271483305966,0.06359469338110056,S24,1,14.0,2,28
0.0026650991805454135,0.2075098814229249,0.34207075853531865,0.0011667053037262203,0.13537549407114624,0.5379749676391852,0.05718807525199459,0.6225296442687748,0.0015122486285884704,S24,1,14.0,3,23
-0.0011379987887047691,-0.12065508021390375,0.5036004468412304,-0.0005006134131160276,-0.1306818181818182,0.4685248746522628,0.010347989834251769,0.036096256684491984,0.8419290228887525,S24,1,14.0,4,33
0.007790071606970112,0.7027808676307008,1.4898941622122687e-05,0.005652284430757345,0.6903225806451613,2.426663921049745e-05,-0.0015787158223770487,-0.08921023359288098,0.6392134731711172,S24,1,14.0,5,30
0.007304722767709393,0.32105263157894737,0.18016885539408903,0.007450188577052927,0.3719298245614035,0.11687923396377846,0.04133786568319164,0.4052631578947368,0.08519044298371395,S24,1,14.0,6,19
-0.0023721107147686975,-0.24285714285714283,0.28880425437585344,-0.0018368588230342037,-0.3103896103896104,0.17087682060108259,0.04725905155153535,0.4688311688311688,0.03204495811634262,S27,1,6.0,1,21
0.0036310494004803072,0.23759398496240602,0.3131305637442674,0.0005803624640332806,0.15037593984962402,0.5268549482529814,0.04425510564941573,0.30526315789473685,0.19060938739632308,S27,1,6.0,2,20
0.0009427497647107905,0.07017543859649124,0.7752817747006228,-0.0007697011153983955,-0.07719298245614034,0.7534433450404967,-0.0063929262981612,-0.02631578947368421,0.9148378965354744,S27,1,6.0,3,19
-0.0024709752034034233,-0.15118577075098816,0.49107386245475415,-0.0017321814608931895,-0.17786561264822134,0.41682106458459345,0.0076739419287421545,0.1422924901185771,0.5172025426940694,S27,1,6.0,4,23
0.0019306819585247783,0.2532258064516129,0.16929076470228163,0.0008815430735626425,0.26290322580645165,0.15303055647914732,-0.00802042739092302,-0.13750000000000004,0.46074439929770195,S27,1,6.0,5,31
0.0037056521439006794,0.3574251835121401,0.10245166957794663,0.0014481769109048743,0.20948616600790515,0.349447352439489,0.015797157446597786,0.13382269904009036,0.55269564640412,S27,1,6.0,6,22
0.002831345857030058,0.3792307692307692,0.06153810961389711,0.00028336043712671636,0.04230769230769231,0.8408565379913095,0.015538200981303568,0.22923076923076924,0.27036018984311405,S27,1,7.0,1,25
0.004142236532190517,0.41490545050055616,0.022617850340953136,0.0023914046351760816,0.36240266963292544,0.04905634004064167,-0.004715313565811414,-0.10389321468298107,0.5848260286669751,S27,1,7.0,2,30
0.0003069979417638238,0.029588431590656286,0.876655812413733,-0.000616338203236709,-0.1345939933259177,0.4782540213706947,-0.015890643443760816,-0.32858731924360396,0.07624980782392135,S27,1,7.0,3,30
0.0039293093248993815,0.37652173913043474,0.06975342004393108,0.0023298392764086236,0.3930434782608695,0.057433088555270156,-0.01797537633958249,-0.1208695652173913,0.5737097351958667,S27,1,7.0,4,24
0.0023525062757408094,0.4608648056923919,0.01358007555121475,0.0012473919089138659,0.3656267104542967,0.05570291495666961,-0.014357895368846064,-0.37931034482758613,0.04651222202315798,S27,1,7.0,5,28
0.0032563301340003863,0.4362625139043382,0.01594728329109038,0.001696005453201965,0.3098998887652948,0.09559728740913569,0.031092074090803907,0.3045606229143492,0.10175442834487507,S27,1,7.0,6,30
-0.004482113900336209,-0.5012235817575084,0.00477957754898581,-0.002508869345334405,-0.41935483870967744,0.02106637238435325,-0.021181298839839494,-0.9470522803114572,2.4077371662628666e-15,S27,1,10.0,1,30
-0.00024815222357991816,-0.08427419354838711,0.6521769610520185,6.0921154032507115e-05,0.011290322580645162,0.9519323200315777,0.00896243032233021,0.09435483870967742,0.6136391321439627,S27,1,10.0,2,31
0.004388838272580822,0.349381770434402,0.03155049777820298,0.002159472782067402,0.3988401356822409,0.013124364833706239,0.018601432349983366,0.0077689025057446105,0.963077855416375,S27,1,10.0,3,38
0.0049661217441411,0.368695652173913,0.07624968847908248,0.0020156699424690168,0.21652173913043476,0.30951989756230047,-0.014479224908931238,-0.7782608695652173,7.546742743219032e-06,S27,1,10.0,4,24
0.0029257606893175795,0.43582700175336064,0.0005600668146400961,0.0023547600893850293,0.422969023962595,0.0008453225437987633,-0.04151265975623227,-0.41776738749269443,0.0009939720492560264,S27,1,10.0,5,59
4.162560038061611e-05,0.04500292226767973,0.7350244978958544,0.0006293965938509669,0.14880187025131505,0.26067828713759267,-0.05378983459653268,-0.3557568673290474,0.0056879495648710495,S27,1,10.0,6,59
-0.0012116726719348556,-0.11247863247863246,0.5843341377940885,-0.002166923066983012,-0.20341880341880342,0.31891232724879054,-0.014375628289409557,-0.42769230769230765,0.029294532513711294,S27,1,13.0,1,26
-0.001390136207502376,-0.1269565217391304,0.5544163873133454,-0.0017871344992489433,-0.27391304347826084,0.1952518810744161,-0.007866628063416547,-0.1452173913043478,0.4983794692456115,S27,1,13.0,2,24
0.0032973340110026886,0.28792569659442724,0.2466148887955486,-0.001077089488417548,-0.29411764705882354,0.23614329729664102,0.018481677085260623,0.4592363261093911,0.05521566198726722,S27,1,13.0,3,18
0.007523695484568208,0.4796992481203006,0.032326069200214205,0.0028626381839592444,0.38796992481203,0.0909728657975423,0.015449680108185397,0.20751879699248119,0.37999323699324683,S27,1,13.0,4,20
0.0021192440863404558,0.1650197628458498,0.4517777435536614,0.0007498094674845589,0.07509881422924902,0.7334365351453347,-0.010255559967132448,-0.24308300395256918,0.26372049125916486,S27,1,13.0,5,23
0.00079289412826339,0.0974025974025974,0.6744677255097002,-0.0004923684223142413,-0.0038961038961038965,0.9866273665163274,0.0007388587972256464,-0.024675324675324677,0.9154489258699161,S27,1,13.0,6,21
-0.00141510875483545,-0.12857142857142856,0.6479163294665075,0.00020826842042301778,-0.0964285714285714,0.7324528633867308,-0.0022689725037207883,0.09999999999999999,0.7228973252791182,S27,1,14.0,1,15
0.00042775222046807017,-0.03952569169960475,0.8578929386002241,-0.00024808125659917175,-0.016798418972332016,0.9393596194740437,0.00885093665860314,0.2391304347826087,0.2718052054570406,S27,1,14.0,2,23
0.0040538694748506274,0.41052631578947374,0.08083220853041033,0.0014797109124659524,0.18771929824561404,0.4415495023823781,0.006703790248527126,-0.015789473684210527,0.9488461264555137,S27,1,14.0,3,19
0.004586611705117913,0.4466403162055336,0.03263682786858682,0.002773611088703516,0.42094861660079047,0.04547120480280356,-0.0012726379558469587,-0.03063241106719368,0.8896497392010411,S27,1,14.0,4,23
-0.0022875897081538325,-0.27669172932330827,0.2376188406109917,-0.0019417212493607725,-0.21654135338345865,0.3591457825704002,0.011850937901627669,0.17593984962406017,0.45809865870248545,S27,1,14.0,5,20
0.0004344607872726744,0.13157894736842105,0.5913047122717008,0.000985721688111609,0.13157894736842105,0.5913047122717008,0.021038616562038273,0.39473684210526316,0.09442052145646514,S27,1,14.0,6,19
-0.00032857991350257205,-0.026108374384236445,0.893057799729345,-0.0009015921102345274,-0.08472906403940884,0.662113699345471,0.003080869650435626,0.16847290640394083,0.3823278464700671,S30,1,6.0,1,29
-0.001787768446066318,-0.4164490136148931,0.0009340312654313345,-0.000972165172327399,-0.36604612392331215,0.0040238047212141975,-0.017896057916641932,-0.2508474576271187,0.05320969893039032,S30,1,6.0,2,60
-0.0032932682736898033,-0.29595110771581357,0.08923691426828913,-0.001516479582582008,-0.21130634071810545,0.23028148722056005,-0.019319685446119228,-0.6455309396485867,3.747956644660458e-05,S30,1,6.0,3,34
-0.0014506582156326635,-0.27842712842712847,0.039557560983438884,-0.0007049288511374488,-0.2163780663780664,0.11257929962798496,-0.02011769962994656,-0.7260461760461762,3.5506134865824747e-10,S30,1,6.0,4,55
-0.0018918581784215472,-0.4367324256737984,0.0004853831028931599,-0.0010291919175449962,-0.3874409558210614,0.0022252740633074346,-0.045705460423839245,-0.4432342317310365,0.00039008436703585707,S30,1,6.0,5,60
-0.0014593487460743764,-0.37291211664462154,0.003939410967920716,-0.00106788428326897,-0.3964133009320496,0.0020661705718154643,-0.03601879269075854,-0.4731920391276262,0.00017596111552427066,S30,1,6.0,6,58
-0.0012148219776416927,-0.34092803556543494,0.007684180470175701,-0.00034362196513460804,-0.19394276187829956,0.13759397419380312,-0.02889777315234661,-0.6078355098638512,2.5974814050327856e-07,S30,1,7.0,1,60
-0.0011752301418243895,-0.21867185329258132,0.09323475967480463,-5.52765337415503e-05,0.0170602945262573,0.8970585849654552,-0.03452318041428479,-0.5807168657960545,1.149812404497791e-06,S30,1,7.0,2,60
0.00022072234589992014,0.006279522089469298,0.9620205238474155,0.000619979479414105,0.31458738538482917,0.01436409282790394,-0.025103038610869235,-0.6713531536537929,4.336207423997872e-09,S30,1,7.0,3,60
9.343115232343541e-05,-0.01369645690111052,0.9165626125210941,0.000597518885837707,0.27572712850343734,0.03148964644236383,-0.03596938432108571,-0.6727657324167107,2.8724136060856074e-09,S30,1,7.0,4,61
-0.0006411676731274801,-0.10475131981105865,0.42572609537239203,-0.00015100830645215464,0.07946651847735484,0.5461414728785035,-0.029818020064718297,-0.6248402333981662,9.499458657793661e-08,S30,1,7.0,5,60
-0.0007060012750687439,-0.13192553487079745,0.31499580347265255,0.00010608232411028926,0.06857460405668242,0.6026341024694103,-0.035248710136396876,-0.5916643512086691,6.410844870574803e-07,S30,1,7.0,6,60
-0.0015384384125747958,-0.23104838709677425,0.21109414125561937,5.6592040073617875e-05,0.035483870967741936,0.8496959023092027,-0.023660190785279908,-0.9810483870967741,3.2033974682442166e-22,S30,1,10.0,1,31
-0.000688855465054996,-0.18660739094192835,0.15340056320217665,0.00043575800063280095,0.11542095026396226,0.37984620311679396,-0.05559705981063557,-0.573826062795221,1.6430197588048186e-06,S30,1,10.0,2,60
-0.002409239613763898,-0.41290322580645167,0.02096782411705182,-0.00015598188435914293,-0.1548387096774194,0.40557202807360526,-0.025607118494864554,-0.9729838709677421,5.1991611606721767e-20,S30,1,10.0,3,31
-0.0005002324861923591,-0.132729398012858,0.3162745987507501,0.0009101462843240479,0.32495616598480426,0.012032539895172445,-0.0709285568396437,-0.5284628872004676,1.6913509858238778e-05,S30,1,10.0,4,59
-0.00028866032708465417,-0.04967855055523086,0.7086613481472049,0.00030031380211096415,0.12144944476914087,0.359504767658682,-0.02676226938873999,-0.40683810637054363,0.0013854565014276795,S30,1,10.0,5,59
0.0015611575011563997,0.3073891625615763,0.10478700580208226,0.0027271213735119704,0.5172413793103448,0.004061456506390692,-0.021932493074319635,-0.7950738916256156,2.571360130198819e-07,S30,1,10.0,6,29
-0.003076043824913819,-0.42826585179526355,0.011508570754412497,-0.002358290186464015,-0.41634835752482807,0.01431490828036063,-0.0028624609094790587,-0.22352941176470587,0.20380379681854813,S30,1,13.0,1,34
-0.002433361229289495,-0.2935064935064935,0.0920382379287034,-0.0018262500627639234,-0.38029029793735675,0.026512819210996,-0.008468458611078688,-0.414514896867838,0.01479383393495264,S30,1,13.0,2,34
0.000683941547669962,0.056680161943319846,0.7318040664934476,0.0008397710960986483,0.16336032388663968,0.3203745156608625,-0.006151803151630433,-0.48380566801619435,0.001805927573695275,S30,1,13.0,3,39
-0.002754323056802384,-0.38770053475935834,0.025793843974628743,-0.00136187450901037,-0.24097593582887702,0.17671732441599358,-0.018307791166931178,-0.7984625668449198,2.580988500941901e-08,S30,1,13.0,4,33
-0.0012554961140350855,-0.22829131652661064,0.18715668582533465,-0.0014158659464251415,-0.37142857142857144,0.028030353952207262,-0.0073716986803141265,-0.6450980392156863,2.868872704631495e-05,S30,1,13.0,5,35
-0.0020321277807702352,-0.2089635854341737,0.22831803708684914,-0.0004919345936932193,-0.054621848739495805,0.7553110051410552,-0.009999516647746986,-0.550140056022409,0.0006175945016954101,S30,1,13.0,6,35
-0.00038475168402680397,-0.010728402032749858,0.9622067945199976,-0.0006667538556756511,-0.1044607566346697,0.6436271470407502,-0.0026527611261880604,-0.20609824957651046,0.35747230059756074,S30,1,14.0,1,22
0.0039579240165354065,0.46019198193111244,0.03115563325364231,0.00187611379756724,0.3845285149632976,0.0772312352479719,0.016451332506109227,0.18464144551101075,0.4107351195615062,S30,1,14.0,2,22
0.00256365937443581,0.25457875457875456,0.20002749120433816,0.0009178508325142412,0.14163614163614163,0.48099492226748497,0.002288173954485992,0.10927960927960927,0.5874094722042709,S30,1,14.0,3,27
0.0033738736507902324,0.42090859332238645,0.025716249684460277,0.001457928827556704,0.24794745484400657,0.20331143215956776,-0.009488816745043833,-0.1111111111111111,0.5735119825115527,S30,1,14.0,4,28
-0.0022141340862733036,-0.33394428152492667,0.06176986814990998,-0.001317893151119497,-0.28409090909090906,0.11507464399284144,-0.01666432604673806,-0.4512463343108504,0.009535008987290924,S30,1,14.0,5,32
-0.0011834586189585095,-0.12934491978609627,0.47312597132579703,-0.0014991710764766524,-0.277072192513369,0.11851741266986202,-0.022454659373578746,-0.625,0.00010091441679236847,S30,1,14.0,6,33
0.0014421570341505996,0.1636363636363636,0.3551113479814665,0.0014609021085654444,0.2501145912910619,0.15368193577304512,-0.03404800249746252,-0.8111535523300227,5.963175026628813e-09,S33,1,6.0,1,34
-0.0005123887228728334,-0.040903540903540904,0.8394724559633964,0.0001782774851279654,0.02564102564102564,0.8989793828578538,-0.03344384772052898,-0.7985347985347986,5.978419615346276e-07,S33,1,6.0,2,27
-0.0015734606355729034,-0.22714833059660647,0.2450612602790267,-0.0014078458695502944,-0.2889983579638752,0.13581652278700318,-0.027584929785214915,-0.8659003831417624,2.6661063582997583e-09,S33,1,6.0,3,28
-0.0019090970488342613,-0.24466338259441706,0.2095560400042413,-0.0015211317368449494,-0.32074438970990693,0.09608457372788139,-0.03213615307758322,-0.7974822112753147,3.755999949427408e-07,S33,1,6.0,4,28
-0.00018542480243182092,-0.08078817733990146,0.6769689753216953,0.00046707007194018887,0.06995073891625614,0.7184219787053097,-0.021723418615226954,-0.9201970443349751,1.6523777462938823e-12,S33,1,6.0,5,29
0.0005051802213538631,0.15446906035141328,0.3830645080321825,0.0008287540789549017,0.3127578304048892,0.07171126956821695,-0.02705448063221429,-0.7839572192513369,4.1569703942669435e-08,S33,1,6.0,6,34
-0.0013531504620416346,-0.3924605493863238,0.0021091288271122832,-0.0012704281964865322,-0.5181180596142607,2.633198570637143e-05,0.001913454810975924,0.14862653419053187,0.2612468087091958,S33,1,7.0,1,59
-0.00031062591851186203,-0.10530702973048071,0.42326151125635547,-7.292366998708386e-05,-0.0007779938871908864,0.9952928729199892,0.0003245577365544133,-0.0013337038066129484,0.9919307276705698,S33,1,7.0,2,60
-0.0011709467951560863,-0.3298471192592821,0.011453232195327621,-0.0009194374352655742,-0.38804638715432654,0.002613819308102745,0.006808214866442848,0.38238641606939616,0.003054052761099148,S33,1,7.0,3,58
-0.0009362632405356862,-0.23389830508474582,0.07458805627951562,-0.0007304260292268702,-0.300292226767972,0.02084114979598079,0.007092192346192859,0.5948568088836939,6.75361391879662e-07,S33,1,7.0,4,59
6.669609754781673e-05,0.07469316189362947,0.5739526194341742,-7.720529457057036e-05,0.019812974868497958,0.881597255380873,0.006680665450216674,0.39023962594973705,0.002246902325538906,S33,1,7.0,5,59
-0.0009787570352416577,-0.2706307307585441,0.03649219834027895,-0.000597282864016094,-0.2957488191164213,0.021775867348226362,0.0052236316766703225,0.40316754654070586,0.0014033197585275748,S33,1,7.0,6,60
-0.0006691747218220825,-0.140385739333723,0.28891074948061884,-0.0004492387023651511,-0.19047340736411458,0.14845313344911826,-0.013786854485155639,-0.3291642314436003,0.01090793777232909,S33,1,10.0,1,59
-0.0011850447119750602,-0.2481589713617768,0.058076139559392614,-0.0006512737246284787,-0.2389830508474577,0.06831842236926966,-0.02193027357540103,-0.3371127995324373,0.009029880649482314,S33,1,10.0,2,59
-0.0011854392987833446,-0.31665692577440097,0.014546153597813572,-0.0002161696777872595,-0.08416130917592053,0.5262442805287739,-0.017418400362756152,-0.416656925774401,0.0010286049364230678,S33,1,10.0,3,59
-0.0004770082390886026,-0.14577501614937402,0.2748914738361651,5.087216171464728e-06,-0.008828324463994588,0.9475592263181327,-0.017459141596725798,-0.6161678304469531,2.6199277519870576e-07,S33,1,10.0,4,58
-0.0006445727052022189,-0.11385154880187026,0.3905635470885822,-0.0002160184770169066,-0.07808299240210405,0.5566445313603426,-0.016337502152488803,-0.4355932203389831,0.0005643565627493991,S33,1,10.0,5,59
-0.0011449556607290154,-0.32097804945818287,0.012400623983714538,-0.0003766134706758533,-0.1636565712697972,0.21149849981880026,-0.013781837621897032,-0.4205612670186164,0.0008206269222880518,S33,1,10.0,6,60
0.00772292883422331,0.28928571428571426,0.29566536100437785,0.004827508152421636,0.24642857142857136,0.37595051597380524,-0.014473609426161601,-0.17857142857142855,0.5242843600465525,S33,1,13.0,1,15
-0.003785146849438918,-0.4264738598442714,0.01876687593327937,-0.0024879869060620745,-0.37130144605116794,0.04336732078057541,-0.007073583969620329,-0.37085650723025576,0.04363865493820921,S33,1,13.0,2,30
-0.0030786285330228467,-0.5120320855614974,0.0023184027659109182,-0.0017453676300251697,-0.46423796791443855,0.006498076364635833,-0.011096671923862144,-0.4822860962566845,0.004478653640235372,S33,1,13.0,3,33
-0.0037476584711423106,-0.4491978609625669,0.008732156907310036,-0.0020093311177153453,-0.37934491978609625,0.0294612029547955,-0.012630440717669514,-0.5294117647058824,0.0015343123221726797,S33,1,13.0,4,33
-0.00018382302615552325,-0.025,0.8938021843730026,-0.00021341375861179176,-0.09758064516129034,0.60151129972749,-0.0058582219359049875,-0.24032258064516132,0.19282897307843058,S33,1,13.0,5,31
-0.0012927627487116105,-0.2411764705882353,0.162804060915485,-0.0006118002628532507,-0.16330532212885157,0.34857672276567697,-0.009725060059255464,-0.4661064425770309,0.004770980385229975,S33,1,13.0,6,35
-0.00391687563062126,-0.29983060417843027,0.17520277793847733,-0.003337873950213197,-0.3596837944664032,0.10014490036970836,0.0038103015741105493,-0.08639186900056467,0.7022561610479263,S33,1,14.0,1,22
-0.0024082324020435995,-0.06782608695652173,0.7528351863688199,-0.002569863424020494,-0.37478260869565216,0.07115916006574712,0.020155993503185313,0.22608695652173913,0.2880995376657835,S33,1,14.0,2,24
-0.0013020969202488272,-0.12538461538461537,0.5503795193738266,-0.0020233984789541936,-0.39692307692307693,0.04946387217123112,0.016666295798127964,0.07153846153846154,0.7339954015507331,S33,1,14.0,3,25
-0.00341359855210943,-0.2695652173913043,0.20272227336292592,-0.002387376030318773,-0.37043478260869556,0.0747679168688463,0.02394427558592154,0.1391304347826087,0.5167416555162507,S33,1,14.0,4,24
-0.0013523564778163864,-0.08639186900056467,0.7022561610479263,-0.0010805827437608917,-0.18351214003387917,0.413653233707415,0.021041845208944563,0.07171089779785433,0.7511458887213619,S33,1,14.0,5,22
0.0007564439071793364,-0.050254093732354614,0.8242411656048835,-0.0002457975434925488,-0.13721061547148505,0.5425912609634094,0.0038806313381687797,-0.031055900621118016,0.8908767575077248,S33,1,14.0,6,22
0.00430192946699516,0.6184615384615385,0.000983252721449411,0.0038289396236157185,0.5453846153846154,0.004807865215026952,-0.029289815670737275,-0.12538461538461537,0.5503795193738266,S37,1,6.0,1,25
0.005289299394920436,0.5625615763546797,0.0014900579521679295,0.004714880629605668,0.5965517241379309,0.000636382904013961,-0.03987357978237629,-0.9162561576354679,3.0930556084621102e-12,S37,1,6.0,2,29
0.008837931247063845,0.6825396825396824,8.775604216637394e-05,0.006080228350328124,0.7570207570207569,4.8701820545819894e-06,-0.017613491246512625,-0.34065934065934067,0.08207019895113517,S37,1,6.0,3,27
0.0071988771880050866,0.5885225885225885,0.0012418652649463559,0.005460060573551967,0.6666666666666665,0.00014638901430054328,-0.026070783349255326,-0.7368742368742369,1.1686983674455243e-05,S37,1,6.0,4,27
0.005852852197326294,0.5429666119321293,0.0028303533862609137,0.0049474603692066955,0.5960591133004925,0.0008164951632822981,-0.019479580430662235,-0.6529830322933771,0.00016538369004312882,S37,1,6.0,5,28
0.006840624002449243,0.6082051282051281,0.0009795022228687334,0.005026989669471155,0.6526495726495727,0.000301798854946658,-0.045797738831563725,-0.6287179487179486,0.000581691206260389,S37,1,6.0,6,26
-0.0037737489840436104,-0.6448153523625222,1.876292252934576e-07,-0.002964788598358475,-0.5796645702306079,5.40758167053693e-06,-0.007133495351064831,-0.05337848734075149,0.704238063411535,S37,1,7.0,1,53
-0.0037480016484149306,-0.5380566801619433,0.00041100508036111716,-0.0034134784490767517,-0.6797570850202429,1.944586150487627e-06,0.017376871169206717,0.5884615384615385,8.143701381367857e-05,S37,1,7.0,2,39
-0.0004623825615851355,-0.08514755684567006,0.5443787544134372,0.0004541102556816186,0.12006128043863892,0.3918204162568151,-0.016141638789996103,-0.7772133526850508,7.758860821514536e-12,S37,1,7.0,3,53
-0.0014781003117719442,-0.32600818234950324,0.011742402860195506,-0.0013143991943999546,-0.39532437171244894,0.0019426248934594423,-0.0031769929592863487,-0.062478082992402116,0.638287204817445,S37,1,7.0,4,59
-0.0006064423034904592,-0.1240794856808884,0.3491159045693354,-0.00046877062180830084,-0.15435417884278202,0.24310515193244556,-0.008465441713344827,-0.29678550555230865,0.022455660113225865,S37,1,7.0,5,59
-0.0009041564456242279,-0.19076563413208653,0.1478197739415248,-0.00032850663727225954,-0.09888953828170662,0.4561737331982939,-0.015819186804923533,-0.3637638807714787,0.004624827996054648,S37,1,7.0,6,59
0.0010106087370192938,0.12217741935483874,0.5126220106327443,0.001099443195420745,0.2,0.2807046476465546,-0.03019921266825758,-0.7024193548387098,1.0585744505550017e-05,S37,1,10.0,1,31
-9.199768874024255e-05,-0.011922852133255408,0.9285853529739341,0.0004901609544839358,0.1674459380479252,0.20493036026980843,-0.020449593796174764,-0.3407948568088837,0.008259719982517698,S37,1,10.0,2,59
0.00118683954147451,0.23617767387492697,0.07172319271995269,0.0014034797326992244,0.43196960841613097,0.0006347675495440354,-0.035298237969997454,-0.3904734073641146,0.0022320312830937947,S37,1,10.0,3,59
0.002191141443775953,0.44769140853302164,0.0003775000885876303,0.0022456746917934108,0.5898305084745764,8.83999699698779e-07,-0.05828833088460009,-0.5037989479836354,4.74775395362332e-05,S37,1,10.0,4,59
0.003174119556099511,0.5593795093795095,9.016967845733631e-06,0.003057979763031411,0.7403318903318905,1.0492504835731849e-10,-0.03775447563122627,-0.62994227994228,2.563683083002694e-07,S37,1,10.0,5,55
0.0008355438574215767,0.2248402333981662,0.08413912334760919,0.0008769780594799677,0.3442067240900251,0.007082169882246741,-0.04935568900741783,-0.45540427896637964,0.0002560421946829659,S37,1,10.0,6,60
0.0030672547121256876,0.4305668016194333,0.006216243454657117,0.0022533294114107784,0.40789473684210525,0.009948460886280356,-0.030749899624783743,-0.4700404858299595,0.0025335418418227875,S37,1,13.0,1,39
0.0005259370316588022,0.07801728854360432,0.6415189760988216,0.0007094839818280817,0.12091038406827881,0.4696166881376812,-0.012575104188537764,-0.6500711237553343,1.0000627786277172e-05,S37,1,13.0,2,38
0.0011437261804776338,0.14774774774774774,0.3898251805510229,0.0016630092743701438,0.3397683397683398,0.042618898399256235,-0.010569740085854871,-0.5032175032175032,0.0017580025008019694,S37,1,13.0,3,36
-0.008224996696982335,-0.5443478260869564,0.005958587597088948,-0.00569868258859205,-0.5391304347826086,0.0065569969186163235,-0.051773289163422685,-0.7391304347826086,3.693134602421657e-05,S37,1,13.0,4,24
0.0017484076584984643,0.2868667917448406,0.07270067905874888,0.0015428335907907186,0.351594746716698,0.02609901361769539,-0.013333103851023173,-0.5155722326454034,0.000662264698389354,S37,1,13.0,5,40
-0.0015001813084909263,-0.14504652435686918,0.4614693720532731,-0.0015302601539068372,-0.2386425834701697,0.22134107055192598,0.008599946159631661,0.21893814997263272,0.26299509546283406,S37,1,13.0,6,28
0.0051361745164041845,0.40019762845849804,0.058463868871500235,0.003993078557821073,0.4337944664031621,0.038636288990562075,0.049804500593623825,0.31225296442687744,0.1469017639625557,S37,1,14.0,1,23
0.005207455075675805,0.5884615384615385,0.0019731836136078363,0.0013905399252886978,0.40230769230769226,0.04618385930563963,0.04867109090327532,0.3192307692307692,0.11983725984714957,S37,1,14.0,2,25
0.004597834038580931,0.5226086956521738,0.008792755659654788,0.002264826910706029,0.38608695652173913,0.06239715956765035,0.013335522239545435,0.014782608695652172,0.9453421257736343,S37,1,14.0,3,24
0.0051475999256202064,0.3557312252964427,0.09573462668647759,0.0016745774013997095,0.21739130434782608,0.31904882862370243,0.06161660254733247,0.4782608695652174,0.020977370019714645,S37,1,14.0,4,23
0.00021844763666442176,-0.11294261294261294,0.57486770910313,0.00014914939317769725,-0.03663003663003663,0.8560619644374672,0.05895723073061824,0.478021978021978,0.011671915654316817,S37,1,14.0,5,27
0.0069029788520922715,0.6376068376068377,0.0004587901022191545,0.0036834434720395205,0.6225641025641024,0.0006827107582302818,0.05417619084327647,0.55008547008547,0.003597794710886425,S37,1,14.0,6,26
-0.0013697920069929705,-0.15294117647058825,0.5717446192454616,-0.000690654270823552,-0.09999999999999999,0.7125163701282782,0.013666623473615481,0.12352941176470587,0.6485420669723405,S40,1,6.0,1,16
0.00636626344310277,0.4678571428571427,0.0786302311543806,0.0025120445743050768,0.2642857142857143,0.3411737579900821,0.028506571975838238,0.16428571428571426,0.5584973732486012,S40,1,6.0,2,15
0.001084281859508945,0.1411764705882353,0.602002683881979,-0.0016084872301857182,-0.31176470588235294,0.23980004767411284,-0.011334944573885435,-0.0588235294117647,0.8286807500332258,S40,1,6.0,3,16
-0.0025900784606192745,-0.1411764705882353,0.602002683881979,-0.0034275337833004726,-0.37941176470588234,0.14722713386289268,0.029829461423480107,0.2647058823529412,0.3218043958686153,S40,1,6.0,4,16
-0.004455934961132521,-0.32499999999999996,0.23722543823723408,-0.004170237319636603,-0.42142857142857143,0.11769939585541647,-0.015277385687858261,-0.11071428571428568,0.6944626472070963,S40,1,6.0,5,15
-0.0015002928649913763,0.0857142857142857,0.7613341261907667,-0.0029758696664037,-0.3321428571428571,0.2264717590707243,0.03316181880822241,0.15714285714285714,0.5759526006037947,S40,1,6.0,6,15
-0.00012141871343240497,-0.05362903225806453,0.7744726052681566,0.00016929881281650943,-0.018548387096774192,0.9211085369838281,-0.02662666928986738,-0.47983870967741943,0.006301608215874373,S40,1,7.0,1,31
-0.0005206174949640724,-0.09994353472614344,0.6581099564182369,-8.040274118771566e-05,-0.005081874647092039,0.9820931607488159,-0.03939650702485628,-0.6691134952004518,0.0006611865482963788,S40,1,7.0,2,22
0.0008923508276421012,0.09230769230769231,0.6607713531148642,0.002226962205709682,0.4146153846153846,0.039327414190496464,-0.0409071289029224,-0.8546153846153846,5.3983133829915596e-08,S40,1,7.0,3,25
0.0010400233953632432,0.1893814997263273,0.33444633233645993,0.002720817012500407,0.6392993979200876,0.0002499264051358674,-0.04134038845710391,-0.7963875205254516,4.001815220656882e-07,S40,1,7.0,4,28
0.002885473031404837,0.28384615384615386,0.16911653617944641,0.002158294991132694,0.4669230769230769,0.01861703233331254,-0.04318307946810315,-0.6376923076923077,0.0006056281450803111,S40,1,7.0,5,25
-0.001616445114614091,-0.18214285714285713,0.5158816817070392,-0.0024516189907292656,-0.25357142857142856,0.3618161038158896,0.0008714438891779363,0.03214285714285714,0.9094621170945906,S40,1,7.0,6,15
0.0015202496676113581,0.26766917293233083,0.2538915426582106,0.0006797802825868263,0.2646616541353383,0.25946936992853786,0.06808376913150425,0.875187969924812,4.4001020283937447e-07,S40,1,10.0,1,20
0.004357193802305306,0.665024630541872,0.00011303995606690993,0.0024119597641301628,0.5325670498084292,0.003528282239267082,0.04012147038571766,0.39518336070060206,0.03740148450582805,S40,1,10.0,2,28
0.00833442093591274,0.6408668730650156,0.0041595509943915246,0.00502637762633018,0.6181630546955624,0.0062517627309340695,0.10586685734916372,0.5294117647058824,0.023858231279662807,S40,1,10.0,3,18
0.003831183687100422,0.48872180451127817,0.028772030054996085,0.0008363080569085215,0.15939849624060148,0.5020524593517314,0.06838245414587732,0.5834586466165413,0.006922690881578285,S40,1,10.0,4,20
0.0012144722590428103,0.1591304347826087,0.45765578201494617,0.0006506901269917383,0.1652173913043478,0.4404029231283094,0.01869621674288307,0.22608695652173913,0.2880995376657835,S40,1,10.0,5,24
0.009554424492038267,0.8243478260869566,7.326167928700552e-07,0.004758119840011358,0.7617391304347826,1.5298017975848137e-05,0.053353116235571776,0.3173913043478261,0.13071808560327577,S40,1,10.0,6,24
-0.0028493277626113174,-0.2964426877470355,0.1695927543895517,-0.0017191627174108078,-0.3023715415019763,0.16081536593268736,0.009708741923624383,0.26877470355731226,0.21494226391222762,S40,1,13.0,1,23
-0.00046971729273377773,-0.09499443826473859,0.6175475919174654,-0.0013936088268380763,-0.2186874304783092,0.24563221703044613,-0.015420670437634135,-0.5550611790878754,0.0014542817713486442,S40,1,13.0,2,30
-0.0012064946671040537,-0.10806451612903227,0.5628246105370012,-0.0010752360995754029,-0.18548387096774197,0.31779729227486475,0.0059283649479205105,-0.08185483870967743,0.6615633818161167,S40,1,13.0,3,31
0.0002804525348234564,-0.056776556776556776,0.7784906465089783,-5.624674665302288e-05,-0.030525030525030524,0.8798635076662329,0.017870536280788052,0.03235653235653236,0.8727113882137878,S40,1,13.0,4,27
0.0067971006064462495,0.465686274509804,0.05957824210811783,0.0030626593715527926,0.36764705882352944,0.14655429178401486,0.19444367747518207,0.5882352941176471,0.013000939348989993,S40,1,13.0,5,17
0.022468706121530787,0.8285714285714284,0.00013524478013276988,0.013855054315014563,0.7714285714285712,0.0007568751073803471,0.18731197316477532,0.8892857142857141,9.192974758842268e-06,S40,1,13.0,6,15
0.006936220114854137,0.4051948051948052,0.06842364541741944,0.0054522739965082,0.45714285714285713,0.037208372406870284,0.002666757176464748,0.02727272727272727,0.9065844922540648,S40,1,14.0,1,21
0.0013047921413538294,0.05147058823529412,0.8444669030406068,-5.7512552953526955e-05,-0.07107843137254903,0.7863266619781206,0.0038643787656840855,0.007352941176470588,0.9776558930236225,S40,1,14.0,2,17
-0.003497148173843892,-0.23320158102766803,0.28422379213701826,-0.0017996189746956703,-0.19071146245059292,0.383396592314873,0.0011812748916272436,0.13537549407114624,0.5379749676391852,S40,1,14.0,3,23
-0.001102316782074117,-0.163184641445511,0.4680769349758337,-0.00036316572632431567,-0.09316770186335405,0.6800565574585156,-0.0035743225261802613,-0.06719367588932806,0.766386220986654,S40,1,14.0,4,22
0.004278254655323922,0.3353973168214654,0.17363506116754218,0.0024418487956631646,0.3952528379772961,0.10449665262201607,0.0259626158783169,0.2652218782249742,0.2874842429174512,S40,1,14.0,5,18
0.0015618026895163832,0.1815384615384615,0.38513664752146737,0.0011863632672009792,0.21000000000000002,0.31367712745078047,-0.002529236271484738,-0.15000000000000002,0.4741966461552527,S40,1,14.0,6,25
