test_subject,clf,clf__C,clf__gamma,accuracy,balanced_accuracy,f1_macro,kappa,mcc,top2_acc,top3_acc,log_loss,n_test,n_estimators,max_depth,clf__hidden_layer_sizes,clf__alpha
S01,svm_rbf,0.5,scale,0.5210176991150443,0.471796775087188,0.4559278829430273,0.39170272017504604,0.4138820177253949,0.6592920353982301,0.7688053097345132,1.754595813764919,904,,,,
S01,svm_rbf,0.5,0.5,0.2809734513274336,0.23984962406015037,0.14295625303860482,0.07049289502865552,0.18376209541620347,0.5154867256637168,0.6316371681415929,1.5807113258383299,904,,,,
S01,svm_rbf,0.5,2.0,0.2942477876106195,0.2,0.09094017094017094,0.0,0.0,0.5165929203539823,0.6327433628318584,1.6010004918080045,904,,,,
S01,svm_rbf,1.0,scale,0.5154867256637168,0.4680414425637965,0.44909766472958595,0.38477984567910817,0.4059790630293507,0.6460176991150443,0.7654867256637168,1.8578293197908897,904,,,,
S01,svm_rbf,1.0,0.5,0.3064159292035398,0.21289043504283095,0.1237688901222149,0.020385307369647276,0.06771991656523953,0.5165929203539823,0.6327433628318584,1.5844414061724572,904,,,,
S01,svm_rbf,1.0,2.0,0.2942477876106195,0.2,0.09094017094017094,0.0,0.0,0.5165929203539823,0.6327433628318584,1.6010188914045402,904,,,,
S01,svm_rbf,2.0,scale,0.5143805309734514,0.4653674419663695,0.44997710329974544,0.3827345604315271,0.40536980600732225,0.6449115044247787,0.7665929203539823,1.9915900289027963,904,,,,
S01,svm_rbf,2.0,0.5,0.28650442477876104,0.243609022556391,0.14854273731466713,0.07730870628894781,0.19168798081757538,0.5143805309734514,0.6316371681415929,1.5714949838934007,904,,,,
S01,svm_rbf,2.0,2.0,0.2942477876106195,0.2,0.09094017094017094,0.0,0.0,0.5165929203539823,0.6327433628318584,1.601017454576809,904,,,,
S01,svm_rbf,4.0,scale,0.5165929203539823,0.4689028758354897,0.4546770425857856,0.38571008728076783,0.4070770482264184,0.6338495575221239,0.7599557522123894,2.11546208266207,904,,,,
S01,svm_rbf,4.0,0.5,0.2831858407079646,0.24135338345864663,0.14532665649073007,0.07336171182073159,0.18475837325017216,0.5110619469026548,0.6316371681415929,1.570028839283686,904,,,,
S01,svm_rbf,4.0,2.0,0.2942477876106195,0.2,0.09094017094017094,0.0,0.0,0.5165929203539823,0.6327433628318584,1.6010312690065203,904,,,,
S01,rf,,,0.6935840707964602,0.7043224761015668,0.692826329529068,0.6117579021952653,0.6164257242207287,0.8528761061946902,0.9314159292035398,0.8806343597027224,904,200.0,,,
S01,rf,,,0.7013274336283186,0.7132938879754003,0.7013526869490587,0.6216206998652853,0.6255306426822446,0.8539823008849557,0.9303097345132744,0.8704512205703535,904,200.0,20.0,,
S01,rf,,,0.7002212389380531,0.7134126685955642,0.6987324112725756,0.6205839671543643,0.6251430976476506,0.8440265486725663,0.9347345132743363,0.8743981221076693,904,400.0,,,
S01,rf,,,0.6991150442477876,0.711862773958474,0.6989556860603987,0.6189313128526686,0.6230126296384536,0.8506637168141593,0.9325221238938053,0.86941097607761,904,400.0,20.0,,
S01,mlp,,,0.4823008849557522,0.4689545733249412,0.4662763497769749,0.34886455455601806,0.3627159145035758,0.6703539823008849,0.9258849557522124,3.866341396125482,904,,,"(64, 64)",0.0001
S01,mlp,,,0.5077433628318584,0.494092867904132,0.4933074449969042,0.3803937152195376,0.39319711739572144,0.672566371681416,0.9303097345132744,4.074904424208612,904,,,"(64, 64)",0.001
S01,mlp,,,0.5918141592920354,0.598063957210786,0.607757903211514,0.4859021325191837,0.49485021863167233,0.7289823008849557,0.9258849557522124,4.173537596002151,904,,,"(128, 64)",0.0001
S01,mlp,,,0.5807522123893806,0.5818141286593078,0.5933523564040497,0.4717036991349668,0.48130661926358775,0.7378318584070797,0.9269911504424779,4.216811824729133,904,,,"(128, 64)",0.001
S01,ensemble_soft_best,,,0.6017699115044248,0.6061753995631518,0.6202402979591527,0.49739306629766,0.5055076521094405,0.7643805309734514,0.9314159292035398,1.0136184641224493,904,,,,
S03,svm_rbf,0.5,scale,0.698076923076923,0.5901950559609553,0.5657871068695544,0.5933807324027842,0.6111326649714905,0.8634615384615385,0.95,0.9972852280115002,1040,,,,
S03,svm_rbf,0.5,0.5,0.14326923076923076,0.22185792349726774,0.07854114255649337,0.03191532706706823,0.11581163300463225,0.4567307692307692,0.6153846153846154,1.5993464433151907,1040,,,,
S03,svm_rbf,0.5,2.0,0.35192307692307695,0.2,0.10412517780938832,0.0,0.0,0.4567307692307692,0.7423076923076923,1.575951756691065,1040,,,,
S03,svm_rbf,1.0,scale,0.6942307692307692,0.5863344052418339,0.5573628712929849,0.5888878391749912,0.6076867361921112,0.875,0.948076923076923,1.088013898479592,1040,,,,
S03,svm_rbf,1.0,0.5,0.13173076923076923,0.21530054644808744,0.06724618842581309,0.02228977751866168,0.09654556911006934,0.4567307692307692,0.7413461538461539,1.6016250194046533,1040,,,,
S03,svm_rbf,1.0,2.0,0.35192307692307695,0.2,0.10412517780938832,0.0,0.0,0.4567307692307692,0.7423076923076923,1.575929231296337,1040,,,,
S03,svm_rbf,2.0,scale,0.6865384615384615,0.5738148434264974,0.5434377893960636,0.5783708630190307,0.5987810224748262,0.8759615384615385,0.9461538461538461,1.1915820670760064,1040,,,,
S03,svm_rbf,2.0,0.5,0.1951923076923077,0.25187393056245516,0.12429132154033788,0.07571555381890616,0.1790318072938315,0.4625,0.6105769230769231,1.5911164609349113,1040,,,,
S03,svm_rbf,2.0,2.0,0.35192307692307695,0.2,0.10412517780938832,0.0,0.0,0.4567307692307692,0.7423076923076923,1.5759306579638692,1040,,,,
S03,svm_rbf,4.0,scale,0.6817307692307693,0.5614708701857251,0.5284550411439861,0.571404204033711,0.5924633510369594,0.8798076923076923,0.9384615384615385,1.3598853175590446,1040,,,,
S03,svm_rbf,4.0,0.5,0.1701923076923077,0.23753932770326217,0.10429056103918302,0.05515259340358558,0.15447356730663278,0.46057692307692305,0.6048076923076923,1.5929917587534939,1040,,,,
S03,svm_rbf,4.0,2.0,0.35192307692307695,0.2,0.10412517780938832,0.0,0.0,0.4567307692307692,0.7423076923076923,1.5759637244054514,1040,,,,
S03,rf,,,0.7125,0.6581044126425303,0.6375030677762421,0.6143150917700873,0.6306058301816934,0.8788461538461538,0.948076923076923,0.8642224686927898,1040,200.0,,,
S03,rf,,,0.7086538461538462,0.6752540140157467,0.661389967589897,0.6117978372438533,0.6249249563054077,0.8836538461538461,0.9519230769230769,0.8681376087407687,1040,200.0,20.0,,
S03,rf,,,0.7038461538461539,0.6493147925880582,0.6260082370281415,0.6031291738217897,0.6192072343660349,0.8788461538461538,0.95,0.8652998133380576,1040,400.0,,,
S03,rf,,,0.7105769230769231,0.6698529404040559,0.65195940682732,0.6133704845466762,0.6266668344065236,0.8942307692307693,0.9519230769230769,0.8609974083289309,1040,400.0,20.0,,
S03,mlp,,,0.6759615384615385,0.5870241416056842,0.5761534817493079,0.5629265762041405,0.5829021461667659,0.8759615384615385,0.9490384615384615,2.0894832827255607,1040,,,"(64, 64)",0.0001
S03,mlp,,,0.6807692307692308,0.5943645662326222,0.5783025639931669,0.5708776451960493,0.5919676756207004,0.8836538461538461,0.9490384615384615,1.6460863572354547,1040,,,"(64, 64)",0.001
S03,mlp,,,0.6682692307692307,0.5648450064520256,0.5262672030169507,0.5586075223710206,0.5778180396761058,0.8625,0.9557692307692308,2.5019203491128748,1040,,,"(128, 64)",0.0001
S03,mlp,,,0.7,0.5959621252726856,0.5544822891145309,0.6008532057953044,0.6196660211434606,0.8701923076923077,0.9557692307692308,2.5086513735160403,1040,,,"(128, 64)",0.001
S03,ensemble_soft_best,,,0.6903846153846154,0.5926737935891065,0.5663247749245461,0.5829363581905156,0.6066282872677812,0.8961538461538462,0.9538461538461539,0.7836507837860023,1040,,,,
S06,svm_rbf,0.5,scale,0.6402439024390244,0.6927427547181646,0.6570650514284156,0.5440032392308558,0.5631343549791856,0.8693379790940766,0.9433797909407665,0.9386381597348723,1148,,,,
S06,svm_rbf,0.5,0.5,0.3144599303135889,0.20296761401189692,0.10191969377694435,0.006873475507541249,0.043633690704078104,0.6010452961672473,0.7952961672473867,1.5326994049382332,1148,,,,
S06,svm_rbf,0.5,2.0,0.31010452961672474,0.2,0.09468085106382979,0.0,0.0,0.6062717770034843,0.7952961672473867,1.5218736349357738,1148,,,,
S06,svm_rbf,1.0,scale,0.64198606271777,0.6966644459901816,0.6622998426876471,0.5461809032176154,0.5694882628002043,0.8763066202090593,0.9494773519163763,0.9471441440817875,1148,,,,
S06,svm_rbf,1.0,0.5,0.2970383275261324,0.20069989431075075,0.11358197358197357,0.0030593610745534017,0.007949327957503673,0.5958188153310104,0.7935540069686411,1.551727887551203,1148,,,,
S06,svm_rbf,1.0,2.0,0.31010452961672474,0.2,0.09468085106382979,0.0,0.0,0.6062717770034843,0.7952961672473867,1.5218715563948282,1148,,,,
S06,svm_rbf,2.0,scale,0.622822299651568,0.684282532456739,0.645150677709821,0.5234774706202086,0.5504975809232249,0.872822299651568,0.9503484320557491,0.9778167581385737,1148,,,,
S06,svm_rbf,2.0,0.5,0.3048780487804878,0.20532280908013806,0.14165866728016888,0.015941865523742105,0.027126113810137947,0.5897212543554007,0.7325783972125436,1.5460620469839332,1148,,,,
S06,svm_rbf,2.0,2.0,0.31010452961672474,0.2,0.09468085106382979,0.0,0.0,0.6062717770034843,0.7952961672473867,1.521845135122637,1148,,,,
S06,svm_rbf,4.0,scale,0.6149825783972126,0.6710234687667521,0.6335970004141536,0.5134338462541629,0.540563024327413,0.8710801393728222,0.9520905923344948,1.0322945999827495,1148,,,,
S06,svm_rbf,4.0,0.5,0.3083623693379791,0.20682974893473158,0.15399185049979125,0.018617490880745602,0.026754541533111548,0.5905923344947736,0.7447735191637631,1.545442316384493,1148,,,,
S06,svm_rbf,4.0,2.0,0.31010452961672474,0.2,0.09468085106382979,0.0,0.0,0.6062717770034843,0.7952961672473867,1.5218511789648608,1148,,,,
S06,rf,,,0.7081881533101045,0.7519170605079224,0.7334668876699577,0.6243334404582471,0.6415158650513473,0.9181184668989547,0.9729965156794426,0.8559876924902652,1148,200.0,,,
S06,rf,,,0.7125435540069687,0.7509777794888793,0.7337581753987795,0.6287345575567277,0.6416858512177761,0.9181184668989547,0.9729965156794426,0.8513645352602199,1148,200.0,20.0,,
S06,rf,,,0.7325783972125436,0.7662697955341521,0.7520627020578812,0.6539690331955503,0.6664186086578618,0.9172473867595818,0.9729965156794426,0.8410154644170297,1148,400.0,,,
S06,rf,,,0.7273519163763066,0.76037230913184,0.7433802806408594,0.6473803572672772,0.6596758084905239,0.9163763066202091,0.9729965156794426,0.8471946989137753,1148,400.0,20.0,,
S06,mlp,,,0.6759581881533101,0.7225398246617846,0.6996219150326084,0.583635815883917,0.6007375921465384,0.8710801393728222,0.9451219512195121,1.4064042950906708,1148,,,"(64, 64)",0.0001
S06,mlp,,,0.6585365853658537,0.7032798757597856,0.6819830365809303,0.5610512156985914,0.5726408593738812,0.8614982578397212,0.9442508710801394,1.138712272883691,1148,,,"(64, 64)",0.001
S06,mlp,,,0.6550522648083623,0.699944133250026,0.681109321276132,0.5553347157557025,0.5650452937193605,0.8789198606271778,0.9573170731707317,1.279070813440405,1148,,,"(128, 64)",0.0001
S06,mlp,,,0.662020905923345,0.706275526914764,0.685356155253747,0.5645487055455949,0.5734942410103472,0.872822299651568,0.9581881533101045,1.2606444536614925,1148,,,"(128, 64)",0.001
S06,ensemble_soft_best,,,0.6881533101045296,0.7361768188922293,0.7130677277113582,0.600443709465575,0.6211613157813076,0.9094076655052264,0.9764808362369338,0.7539282938974722,1148,,,,
S09,svm_rbf,0.5,scale,0.659303313508921,0.6853462808746424,0.6699192657903801,0.5577406190996022,0.5606592422692359,0.9048428207306712,0.9711129991503823,0.9082728947842429,1177,,,,
S09,svm_rbf,0.5,0.5,0.33135089209855567,0.21615997638724913,0.12766022115440284,0.03550708038317363,0.11229453952947471,0.5862361937128292,0.6958368734069669,1.5475334950462272,1177,,,,
S09,svm_rbf,0.5,2.0,0.308411214953271,0.2,0.09428571428571428,0.0,0.0,0.5938827527612575,0.6958368734069669,1.55704684197467,1177,,,,
S09,svm_rbf,1.0,scale,0.6542056074766355,0.6813709962262432,0.6637413623538941,0.5514443906554466,0.5543764471385079,0.9082412914188616,0.9702633814783348,0.9132152466187481,1177,,,,
S09,svm_rbf,1.0,0.5,0.33135089209855567,0.21615997638724913,0.12766022115440284,0.03550708038317363,0.11229453952947471,0.5896346644010195,0.6958368734069669,1.5459331191799701,1177,,,,
S09,svm_rbf,1.0,2.0,0.308411214953271,0.2,0.09428571428571428,0.0,0.0,0.5938827527612575,0.6958368734069669,1.5570495050695372,1177,,,,
S09,svm_rbf,2.0,scale,0.6499575191163977,0.681181246333525,0.6589700651236005,0.5471529667530168,0.5503278398299474,0.9201359388275276,0.9728122344944775,0.9244584123412413,1177,,,,
S09,svm_rbf,2.0,0.5,0.3542905692438403,0.23240850059031878,0.15702775260630594,0.06998214863110064,0.16023863849872844,0.5853865760407817,0.6966864910790145,1.5236572812159415,1177,,,,
S09,svm_rbf,2.0,2.0,0.308411214953271,0.2,0.09428571428571428,0.0,0.0,0.5938827527612575,0.6958368734069669,1.557043465125369,1177,,,,
S09,svm_rbf,4.0,scale,0.6482582837723024,0.684737306918811,0.6601972729672603,0.5459401131986157,0.5492235591089267,0.9150382327952421,0.9702633814783348,0.942258841354725,1177,,,,
S09,svm_rbf,4.0,0.5,0.33559898045879355,0.22923061786698148,0.17121794282562736,0.06589956035837086,0.0924542427082512,0.5870858113848768,0.7451146983857264,1.5217692983677014,1177,,,,
S09,svm_rbf,4.0,2.0,0.308411214953271,0.2,0.09428571428571428,0.0,0.0,0.5938827527612575,0.6958368734069669,1.5570474992568153,1177,,,,
S09,rf,,,0.7425658453695837,0.758225376878035,0.7479372229872652,0.663012984116875,0.6849487208717964,0.9116397621070518,0.9379779099405268,0.7691270949139027,1177,200.0,,,
S09,rf,,,0.7306711979609176,0.745567122834615,0.7359375737278852,0.6471715777130538,0.6680405526958417,0.9005947323704333,0.9371282922684792,0.7747654705291719,1177,200.0,20.0,,
S09,rf,,,0.7408666100254885,0.7553227547159306,0.7451954651585434,0.6608966305508062,0.6821983303829297,0.9201359388275276,0.9464740866610025,0.7684003703936544,1177,400.0,,,
S09,rf,,,0.72982158028887,0.7441576023452446,0.7372598319520379,0.6458569484841201,0.6672081528042885,0.9107901444350043,0.9371282922684792,0.7783154371062206,1177,400.0,20.0,,
S09,mlp,,,0.6805437553101105,0.7112359549288586,0.6802910980449794,0.5882969123570838,0.5941912811824587,0.8734069668649108,0.9558198810535259,1.1025301771852847,1177,,,"(64, 64)",0.0001
S09,mlp,,,0.6686491079014444,0.7011161571590726,0.6683558983762762,0.5734762295904525,0.5785422995874953,0.8700084961767205,0.9634664401019541,1.0025810654987404,1177,,,"(64, 64)",0.001
S09,mlp,,,0.6482582837723024,0.6910124305945315,0.648070536735888,0.5510096519315382,0.5594224668017183,0.8632115548003398,0.9439252336448598,1.4025832892260404,1177,,,"(128, 64)",0.0001
S09,mlp,,,0.6134239592183517,0.6588973390385583,0.6143675819035443,0.5072472702546781,0.5149732403603202,0.842820730671198,0.9362786745964317,1.811946974424846,1177,,,"(128, 64)",0.001
S09,ensemble_soft_best,,,0.7145284621920136,0.734148643218677,0.7153692070737401,0.6289261083743842,0.6349365208803773,0.9252336448598131,0.9745114698385726,0.7251470934924872,1177,,,,
S12,svm_rbf,0.5,scale,0.4958490566037736,0.548028974795741,0.5053790260950632,0.3483862418281406,0.36506602413034045,0.7690566037735849,0.9411320754716981,1.3142928978850457,1325,,,,
S12,svm_rbf,0.5,0.5,0.32150943396226417,0.23589185753223396,0.1489714123237735,0.06731785616411534,0.13113593379045774,0.5509433962264151,0.7350943396226415,1.5517618243749272,1325,,,,
S12,svm_rbf,0.5,2.0,0.2732075471698113,0.2,0.08583283935981031,0.0,0.0,0.5456603773584906,0.8211320754716981,1.5480047570187592,1325,,,,
S12,svm_rbf,1.0,scale,0.45584905660377356,0.516906990948807,0.46614285378932463,0.29826823037178407,0.3158339229202199,0.7479245283018868,0.9237735849056604,1.510496268978109,1325,,,,
S12,svm_rbf,1.0,0.5,0.27547169811320754,0.20165755919472406,0.09443177566278667,0.0031269837537911682,0.013042916703969308,0.5532075471698114,0.820377358490566,1.53986328010325,1325,,,,
S12,svm_rbf,1.0,2.0,0.2732075471698113,0.2,0.08583283935981031,0.0,0.0,0.5456603773584906,0.8211320754716981,1.548000133918349,1325,,,,
S12,svm_rbf,2.0,scale,0.4286792452830189,0.4910921078028029,0.4370060505857983,0.2628713202358458,0.2835398497114512,0.7162264150943396,0.9207547169811321,1.6609244696950585,1325,,,,
S12,svm_rbf,2.0,0.5,0.29735849056603775,0.21775658279965607,0.14945685236868836,0.03395555291033059,0.05184145471962832,0.5569811320754717,0.7056603773584905,1.5443098076652326,1325,,,,
S12,svm_rbf,2.0,2.0,0.2732075471698113,0.2,0.08583283935981031,0.0,0.0,0.5456603773584906,0.8211320754716981,1.5479702738047947,1325,,,,
S12,svm_rbf,4.0,scale,0.39773584905660375,0.4587139636795414,0.4002481851580647,0.22395532871530432,0.2449516823845617,0.6724528301886793,0.9018867924528302,1.892377817142523,1325,,,,
S12,svm_rbf,4.0,0.5,0.2769811320754717,0.20271880312619173,0.11469044686761176,0.005390098485460015,0.012232729727016289,0.569811320754717,0.7630188679245283,1.540595621472595,1325,,,,
S12,svm_rbf,4.0,2.0,0.2732075471698113,0.2,0.08583283935981031,0.0,0.0,0.5456603773584906,0.8211320754716981,1.5479925928906006,1325,,,,
S12,rf,,,0.6022641509433962,0.6364575931551923,0.5827917645005811,0.47925095364697723,0.5101601329506373,0.7728301886792452,0.9388679245283019,0.9659014114417372,1325,200.0,,,
S12,rf,,,0.6067924528301887,0.6416494115032438,0.5804130439244551,0.48581403126417533,0.5187606346767782,0.7652830188679245,0.929811320754717,0.9780232472949185,1325,200.0,20.0,,
S12,rf,,,0.6015094339622642,0.636380565205875,0.5775940198056739,0.4789249885856567,0.5104725806070172,0.7630188679245283,0.930566037735849,0.9706165376365149,1325,400.0,,,
S12,rf,,,0.6067924528301887,0.6416691058653605,0.5752695102038603,0.4864612338023182,0.5193688375738909,0.7562264150943396,0.9275471698113208,0.9750419524711099,1325,400.0,20.0,,
S12,mlp,,,0.4226415094339623,0.45284461257836855,0.42462386939069063,0.2512028402765517,0.266468642213139,0.7101886792452831,0.900377358490566,3.2347760552565092,1325,,,"(64, 64)",0.0001
S12,mlp,,,0.4052830188679245,0.4369173483882706,0.40562082983177106,0.22656394681284486,0.24508396148320058,0.7139622641509434,0.9071698113207547,3.1776496901073608,1325,,,"(64, 64)",0.001
S12,mlp,,,0.3849056603773585,0.4156536494510834,0.38441480011218293,0.20359500478267056,0.21001330805739576,0.6732075471698113,0.8950943396226415,3.5344493436172795,1325,,,"(128, 64)",0.0001
S12,mlp,,,0.4052830188679245,0.42628009486226964,0.3918377431204625,0.23018449471687297,0.23781527069287609,0.6747169811320755,0.8973584905660378,3.9339361362194905,1325,,,"(128, 64)",0.001
S12,ensemble_soft_best,,,0.4739622641509434,0.513884684862511,0.48089366660704724,0.31669700198289386,0.33852801826329454,0.8211320754716981,0.9637735849056603,1.0957142679683773,1325,,,,
S15,svm_rbf,0.5,scale,0.6184857423795477,0.6578464530656405,0.6083149701341836,0.513002568301897,0.5318260336119388,0.8112094395280236,0.928220255653884,0.9857874446254905,1017,,,,
S15,svm_rbf,0.5,0.5,0.31563421828908556,0.19691020635805911,0.09914933222691949,-0.005141924792427366,-0.02644086742757356,0.6420845624385447,0.7571288102261554,1.5673194022225814,1017,,,,
S15,svm_rbf,0.5,2.0,0.32055063913470994,0.2,0.09709605361131794,0.0,0.0,0.6450344149459194,0.7571288102261554,1.5285670732226664,1017,,,,
S15,svm_rbf,1.0,scale,0.6184857423795477,0.6484766658656951,0.6076702160143802,0.5128811287051223,0.5288036753056278,0.816125860373648,0.9301868239921337,0.9836903515577304,1017,,,,
S15,svm_rbf,1.0,0.5,0.3215339233038348,0.20058375162669645,0.10146849158825207,0.0017142410037912503,0.011503850919535551,0.6440511307767945,0.7571288102261554,1.545559933584967,1017,,,,
S15,svm_rbf,1.0,2.0,0.32055063913470994,0.2,0.09709605361131794,0.0,0.0,0.6450344149459194,0.7571288102261554,1.5285690982348974,1017,,,,
S15,svm_rbf,2.0,scale,0.5958702064896755,0.6291332353593745,0.5866262269084705,0.4877811164268069,0.5048994324457914,0.8092428711897739,0.9301868239921337,1.0706858797429963,1017,,,,
S15,svm_rbf,2.0,0.5,0.31465093411996065,0.19621490983454176,0.10893349075167258,-0.008568253638520096,-0.02643993263224484,0.6430678466076696,0.7571288102261554,1.5376844055213814,1017,,,,
S15,svm_rbf,2.0,2.0,0.32055063913470994,0.2,0.09709605361131794,0.0,0.0,0.6450344149459194,0.7571288102261554,1.528570058926207,1017,,,,
S15,svm_rbf,4.0,scale,0.5634218289085545,0.597322244629411,0.5560512739223198,0.4502147161205722,0.4696266095138876,0.7925270403146509,0.9292035398230089,1.2108020272230793,1017,,,,
S15,svm_rbf,4.0,0.5,0.31465093411996065,0.19624465514036066,0.10542098452522271,-0.00852233520521195,-0.02995317348219386,0.6450344149459194,0.7571288102261554,1.5296961511940095,1017,,,,
S15,svm_rbf,4.0,2.0,0.32055063913470994,0.2,0.09709605361131794,0.0,0.0,0.6450344149459194,0.7571288102261554,1.5285743316942435,1017,,,,
S15,rf,,,0.6804326450344149,0.7327255008362912,0.7026000475836527,0.5803699067361723,0.5884598938402279,0.8839724680432645,0.9370698131760079,0.8247087469847874,1017,200.0,,,
S15,rf,,,0.6627335299901671,0.71880981388199,0.6874051065394501,0.5572828619728606,0.5668154248972918,0.8810226155358899,0.9410029498525073,0.8314558918394409,1017,200.0,20.0,,
S15,rf,,,0.6764995083579154,0.7294739124150889,0.6985782013056377,0.5758831410655367,0.5828970901508844,0.8859390363815143,0.9478859390363815,0.8181442493177865,1017,400.0,,,
S15,rf,,,0.6804326450344149,0.730680104664226,0.6995838130928573,0.5808121609813199,0.5892117768445415,0.8859390363815143,0.9390363815142576,0.8217729045595534,1017,400.0,20.0,,
S15,mlp,,,0.5555555555555556,0.6067858710388483,0.5387984784974813,0.4440445263631482,0.4655727399636862,0.7590953785644051,0.9036381514257621,2.469289302269405,1017,,,"(64, 64)",0.0001
S15,mlp,,,0.5634218289085545,0.6083634732137078,0.547451005007276,0.45158622297846296,0.4756229009602335,0.7787610619469026,0.9075712881022615,2.6584392039168625,1017,,,"(64, 64)",0.001
S15,mlp,,,0.6116027531956736,0.6232290252589784,0.5767724052246834,0.5038270709845398,0.516711828867178,0.8121927236971485,0.9262536873156342,3.1664348021803406,1017,,,"(128, 64)",0.0001
S15,mlp,,,0.599803343166175,0.6158346212424164,0.5670129059725239,0.4953105910411073,0.514008606883167,0.8023598820058997,0.9242871189773845,3.0385127579674105,1017,,,"(128, 64)",0.001
S15,ensemble_soft_best,,,0.6637168141592921,0.6896454533336526,0.6466416678064835,0.5671737258396093,0.5784280812470286,0.8662733529990168,0.9537856440511308,0.8240792321967524,1017,,,,
S18,svm_rbf,0.5,scale,0.6914893617021277,0.6610614261593233,0.6628688378727567,0.595602019010675,0.5995563072344567,0.8578336557059961,0.9274661508704062,1.008375987882011,1034,,,,
S18,svm_rbf,0.5,0.5,0.3655705996131528,0.2113008038039171,0.12830722519353946,0.02268853441605878,0.0910815697179796,0.5880077369439072,0.7330754352030948,1.5462227708285083,1034,,,,
S18,svm_rbf,0.5,2.0,0.3529980657640232,0.2,0.1043602573266619,0.0,0.0,0.5870406189555126,0.7330754352030948,1.5371981243833148,1034,,,,
S18,svm_rbf,1.0,scale,0.6895551257253385,0.652434667755817,0.6549057742986669,0.5928629518460231,0.596472339799449,0.8539651837524178,0.9323017408123792,1.039934608799021,1034,,,,
S18,svm_rbf,1.0,0.5,0.2611218568665377,0.21534246575342464,0.10612503086287498,0.03138767127486741,0.11728703302167642,0.586073500967118,0.7330754352030948,1.559501407791567,1034,,,,
S18,svm_rbf,1.0,2.0,0.3529980657640232,0.2,0.1043602573266619,0.0,0.0,0.5870406189555126,0.7330754352030948,1.5371963679491372,1034,,,,
S18,svm_rbf,2.0,scale,0.688588007736944,0.6470045098212613,0.6493985895155181,0.5916972839336607,0.5947965477471778,0.8413926499032882,0.9294003868471954,1.0818646725004857,1034,,,,
S18,svm_rbf,2.0,0.5,0.27949709864603484,0.22436091927997284,0.12686528262325975,0.050608028415329964,0.12985789535079392,0.586073500967118,0.7330754352030948,1.5469496552526636,1034,,,,
S18,svm_rbf,2.0,2.0,0.3529980657640232,0.2,0.1043602573266619,0.0,0.0,0.5870406189555126,0.7330754352030948,1.5371801398966527,1034,,,,
S18,svm_rbf,4.0,scale,0.6760154738878144,0.6329122414576795,0.6329077870666644,0.5753322716333629,0.5793145515781849,0.839458413926499,0.9216634429400387,1.1490966183937057,1034,,,,
S18,svm_rbf,4.0,0.5,0.3771760154738878,0.22177516132684252,0.1478200296118935,0.04361701363704917,0.1253199119021033,0.5870406189555126,0.7321083172147002,1.537473339793083,1034,,,,
S18,svm_rbf,4.0,2.0,0.3529980657640232,0.2,0.1043602573266619,0.0,0.0,0.5870406189555126,0.7330754352030948,1.5371874967771573,1034,,,,
S18,rf,,,0.690522243713733,0.6980509427805401,0.6996880126397385,0.6006136605867918,0.6305022251557734,0.9081237911025145,0.9323017408123792,0.8002144911161038,1034,200.0,,,
S18,rf,,,0.6914893617021277,0.7041881402329215,0.7051491175656217,0.6020529178917295,0.6351909075405014,0.9148936170212766,0.9390715667311412,0.7928528084159729,1034,200.0,20.0,,
S18,rf,,,0.6818181818181818,0.6994811496394944,0.6969462163294055,0.5907443297952073,0.6275906796151075,0.9081237911025145,0.9342359767891683,0.809177409474826,1034,400.0,,,
S18,rf,,,0.6769825918762089,0.6933212348485356,0.6929449381931736,0.5842165142695472,0.6220318372989226,0.913926499032882,0.9361702127659575,0.8077408140582184,1034,400.0,20.0,,
S18,mlp,,,0.6798839458413927,0.6508413746447461,0.6449684107184107,0.5833005618832525,0.5914185283228427,0.8588007736943907,0.9448742746615088,1.3755456755208368,1034,,,"(64, 64)",0.0001
S18,mlp,,,0.6663442940038685,0.6436686627789389,0.637778460198125,0.5676482137749488,0.5778311799254587,0.8549323017408124,0.9439071566731141,1.4268161706950155,1034,,,"(64, 64)",0.001
S18,mlp,,,0.6769825918762089,0.6461653715794986,0.6432620174342187,0.5784593864545431,0.5855873275051766,0.8568665377176016,0.9352030947775629,2.0874339623227596,1034,,,"(128, 64)",0.0001
S18,mlp,,,0.6779497098646035,0.6513376511171135,0.6469256861597271,0.5803883383928059,0.5866025879698608,0.844294003868472,0.9342359767891683,1.5793903569634953,1034,,,"(128, 64)",0.001
S18,ensemble_soft_best,,,0.7147001934235977,0.6853028544964819,0.6870731989616754,0.6261057906226748,0.6314029450161448,0.8974854932301741,0.9400386847195358,0.758937413646945,1034,,,,
S21,svm_rbf,0.5,scale,0.676937441643324,0.6593662910988873,0.6719780967047901,0.5630035472367403,0.5814750564118011,0.8786181139122315,0.9719887955182073,0.9035103964600986,1071,,,,
S21,svm_rbf,0.5,0.5,0.22128851540616246,0.2325660362814122,0.12006513827829561,0.04950438155437431,0.1089567791799332,0.4957983193277311,0.7161531279178338,1.5681722075132996,1071,,,,
S21,svm_rbf,0.5,2.0,0.34173669467787116,0.2,0.10187891440501044,0.0,0.0,0.5060690943043884,0.776844070961718,1.5498341547651608,1071,,,,
S21,svm_rbf,1.0,scale,0.6563958916900093,0.6415668602031798,0.6565858620014632,0.536445977622552,0.5458456576270702,0.876750700280112,0.9710550887021475,0.9307634220501969,1071,,,,
S21,svm_rbf,1.0,0.5,0.1942110177404295,0.21600300632098257,0.09256542516207081,0.02395256374378929,0.06700002921452447,0.4864612511671335,0.7637721755368814,1.584571222123431,1071,,,,
S21,svm_rbf,1.0,2.0,0.34173669467787116,0.2,0.10187891440501044,0.0,0.0,0.5060690943043884,0.776844070961718,1.549827029461815,1071,,,,
S21,svm_rbf,2.0,scale,0.6358543417366946,0.6238679846164258,0.6421044918408191,0.5091405229065405,0.5146078490114021,0.8758169934640523,0.9673202614379085,0.9947680900016969,1071,,,,
S21,svm_rbf,2.0,0.5,0.26704014939309056,0.25678786165784473,0.16287270450888042,0.08944254369291649,0.14635288806465005,0.5107376283846872,0.7507002801120448,1.569580155626724,1071,,,,
S21,svm_rbf,2.0,2.0,0.34173669467787116,0.2,0.10187891440501044,0.0,0.0,0.5060690943043884,0.776844070961718,1.5498216875326698,1071,,,,
S21,svm_rbf,4.0,scale,0.61531279178338,0.6093851174263836,0.6281182722547399,0.4828688256575593,0.4854008754158982,0.8608776844070962,0.96171802054155,1.100949517730139,1071,,,,
S21,svm_rbf,4.0,0.5,0.27170868347338933,0.25894727375507476,0.1636662537365315,0.09389487019847154,0.15236080870644267,0.5088702147525677,0.7553688141923436,1.5698839515738037,1071,,,,
S21,svm_rbf,4.0,2.0,0.34173669467787116,0.2,0.10187891440501044,0.0,0.0,0.5060690943043884,0.776844070961718,1.549814520934147,1071,,,,
S21,rf,,,0.5929038281979458,0.5548835280952464,0.5842266088562793,0.4276798627282755,0.5009802379871476,0.7861811391223156,0.9150326797385621,1.0595310283800934,1071,200.0,,,
S21,rf,,,0.5882352941176471,0.5537032784255475,0.5802283828470742,0.4206464860568325,0.4973841323178299,0.7759103641456583,0.9122315592903828,1.117705753067599,1071,200.0,20.0,,
S21,rf,,,0.5845004668534081,0.5456746909553749,0.5743972364386991,0.4151799573712517,0.48926284612466037,0.7833800186741363,0.9122315592903828,1.0728225926179296,1071,400.0,,,
S21,rf,,,0.5910364145658263,0.5557024844356839,0.5821023905973892,0.4257295322693391,0.49891641125642944,0.7833800186741363,0.9084967320261438,1.0721825299866112,1071,400.0,20.0,,
S21,mlp,,,0.6022408963585434,0.591440022071081,0.6026509936029832,0.466108567262719,0.47020904143864933,0.8506069094304388,0.9439775910364145,1.7268623311339817,1071,,,"(64, 64)",0.0001
S21,mlp,,,0.5770308123249299,0.5693196736651804,0.5891690153254677,0.4310880391561356,0.4335971649005574,0.865546218487395,0.9495798319327731,1.9665763107773353,1071,,,"(64, 64)",0.001
S21,mlp,,,0.6237161531279178,0.6328129407947671,0.6409972836379534,0.49716962557973454,0.49952980240578254,0.8636788048552755,0.9449112978524743,1.4633572145843539,1071,,,"(128, 64)",0.0001
S21,mlp,,,0.5835667600373483,0.6181669756829852,0.6179802661708333,0.44951660729658494,0.4513640401476356,0.8468720821661998,0.9439775910364145,1.6476984254354303,1071,,,"(128, 64)",0.001
S21,ensemble_soft_best,,,0.6750700280112045,0.6546573448052697,0.6816887276455093,0.5573733695787715,0.5729881854125223,0.8683473389355743,0.9570494864612512,0.8597565178869125,1071,,,,
S24,svm_rbf,0.5,scale,0.5127478753541076,0.4686901258980887,0.4737038098254057,0.3426182235519577,0.37913912863980725,0.7101038715769594,0.8451369216241738,1.679111865826102,1059,,,,
S24,svm_rbf,0.5,0.5,0.17658168083097261,0.22030583214793742,0.08978767979635283,0.02848636279950556,0.08483861072952406,0.4523135033050047,0.6902738432483475,1.5994402706317399,1059,,,,
S24,svm_rbf,0.5,2.0,0.31444759206798867,0.2,0.09568965517241379,0.0,0.0,0.45797922568460814,0.6921624173748819,1.5924769911207068,1059,,,,
S24,svm_rbf,1.0,scale,0.509915014164306,0.47006284202936965,0.4665075402914508,0.3388630466711655,0.3780716615564149,0.6987724268177526,0.8413597733711048,1.8487612723858222,1059,,,,
S24,svm_rbf,1.0,0.5,0.1643059490084986,0.21249802434012963,0.07647237521015711,0.01776628200304564,0.0668065663169042,0.449480642115203,0.6912181303116147,1.6195040683998647,1059,,,,
S24,svm_rbf,1.0,2.0,0.31444759206798867,0.2,0.09568965517241379,0.0,0.0,0.45797922568460814,0.6921624173748819,1.5924750646248287,1059,,,,
S24,svm_rbf,2.0,scale,0.5080264400377715,0.4730639232345121,0.4638165671750746,0.33766177641032535,0.3758715313733623,0.6883852691218131,0.8508026440037771,2.1358286180502404,1059,,,,
S24,svm_rbf,2.0,0.5,0.210576015108593,0.24049707602339182,0.12070020950635066,0.05738177931002164,0.12122706080249977,0.45892351274787535,0.6902738432483475,1.5921118751338266,1059,,,,
S24,svm_rbf,2.0,2.0,0.31444759206798867,0.2,0.09568965517241379,0.0,0.0,0.45797922568460814,0.6921624173748819,1.5924864959716283,1059,,,,
S24,svm_rbf,4.0,scale,0.48819641170915956,0.45482706055928157,0.43875439256133564,0.31082005950708536,0.34805649504713293,0.6808309726156752,0.8366383380547686,2.3434953615536442,1059,,,,
S24,svm_rbf,4.0,0.5,0.1954674220963173,0.2316026552868658,0.10806909415294785,0.04486327182188499,0.10837023289701513,0.46175637393767704,0.6912181303116147,1.600646640943826,1059,,,,
S24,svm_rbf,4.0,2.0,0.31444759206798867,0.2,0.09568965517241379,0.0,0.0,0.45797922568460814,0.6921624173748819,1.592494499872018,1059,,,,
S24,rf,,,0.559017941454202,0.5397919654647975,0.5248419244611668,0.41542889563953145,0.44385808064003424,0.667610953729934,0.8083097261567517,1.2794482351437184,1059,200.0,,,
S24,rf,,,0.5495750708215298,0.5288753365145611,0.5127785474789618,0.4034859622708352,0.42988655803163356,0.6572237960339944,0.8092540132200189,1.2605352798008727,1059,200.0,20.0,,
S24,rf,,,0.559017941454202,0.5373652513385927,0.524113998502706,0.41399507073962605,0.44388453730031296,0.6581680830972616,0.8120868744098206,1.2539527425690804,1059,400.0,,,
S24,rf,,,0.5495750708215298,0.5275849724177455,0.511900573320611,0.40242252028230796,0.4303706682452306,0.6553352219074599,0.8196411709159585,1.2574391334143016,1059,400.0,20.0,,
S24,mlp,,,0.45609065155807366,0.4127544351987398,0.4041425162670408,0.259653581610769,0.29735578858097705,0.6440037771482531,0.7884796978281398,5.664435418501086,1059,,,"(64, 64)",0.0001
S24,mlp,,,0.45797922568460814,0.4137827040691138,0.4058702611351734,0.26260728214521833,0.2998510961515272,0.6421152030217187,0.8007554296506137,4.971689236541142,1059,,,"(64, 64)",0.001
S24,mlp,,,0.48536355051935787,0.45290512435487085,0.4486105813031128,0.305633923125324,0.3435930472712542,0.6808309726156752,0.817752596789424,5.253016075491769,1059,,,"(128, 64)",0.0001
S24,mlp,,,0.4806421152030217,0.44188936860397077,0.4343625842368596,0.29567330947083315,0.33809570591595434,0.6581680830972616,0.8064211520302171,5.947128813972939,1059,,,"(128, 64)",0.001
S24,ensemble_soft_best,,,0.5118035882908404,0.47762231237120767,0.4830169406888051,0.33946969660410864,0.38283682600809044,0.6931067044381491,0.8234183191690274,1.4165518515603408,1059,,,,
S27,svm_rbf,0.5,scale,0.6540880503144654,0.6444665283357317,0.6090278695416016,0.5525004707828095,0.5705240032657305,0.7559748427672957,0.8327044025157233,1.2004051765628483,795,,,,
S27,svm_rbf,0.5,0.5,0.21761006289308177,0.20378131946992029,0.08708058455486681,0.006966436995817005,0.028667330033403365,0.5132075471698113,0.6842767295597484,1.5865014408619693,795,,,,
S27,svm_rbf,0.5,2.0,0.21006289308176102,0.2,0.06943866943866944,0.0,0.0,0.5132075471698113,0.6842767295597484,1.603324421572993,795,,,,
S27,svm_rbf,1.0,scale,0.6578616352201258,0.6473661911948873,0.6175643301611562,0.5566181264942405,0.5745280280989741,0.7635220125786164,0.8289308176100629,1.159644123499784,795,,,,
S27,svm_rbf,1.0,0.5,0.21635220125786164,0.20231073123462617,0.08411547941528173,0.0050122544095785315,0.020121495126743334,0.5132075471698113,0.6842767295597484,1.5855026702937969,795,,,,
S27,svm_rbf,1.0,2.0,0.21006289308176102,0.2,0.06943866943866944,0.0,0.0,0.5132075471698113,0.6842767295597484,1.6033150132025082,795,,,,
S27,svm_rbf,2.0,scale,0.6742138364779874,0.6640258804796095,0.6342109380537184,0.5777546278732597,0.5966308678799365,0.7622641509433963,0.8276729559748428,1.1360298112470875,795,,,,
S27,svm_rbf,2.0,0.5,0.23522012578616353,0.20105813513319956,0.12898835870486627,0.011394245813826531,0.01840606071655803,0.5132075471698113,0.6830188679245283,1.578293088910779,795,,,,
S27,svm_rbf,2.0,2.0,0.21006289308176102,0.2,0.06943866943866944,0.0,0.0,0.5132075471698113,0.6842767295597484,1.6033381911733604,795,,,,
S27,svm_rbf,4.0,scale,0.6767295597484276,0.6659380225819596,0.6394318716555139,0.5810899473069115,0.5990002883053562,0.7748427672955975,0.8402515723270441,1.1263771347201665,795,,,,
S27,svm_rbf,4.0,0.5,0.2389937106918239,0.21053461785240843,0.1244610035312316,0.022926861969564838,0.04371335981709389,0.5106918238993711,0.6830188679245283,1.58210399363207,795,,,,
S27,svm_rbf,4.0,2.0,0.21006289308176102,0.2,0.06943866943866944,0.0,0.0,0.5132075471698113,0.6842767295597484,1.60337847458361,795,,,,
S27,rf,,,0.6591194968553459,0.6392963680366177,0.6111947583733813,0.552984357720406,0.5860382171504254,0.7635220125786164,0.9220125786163522,0.9368334120857104,795,200.0,,,
S27,rf,,,0.6654088050314465,0.6445568089608419,0.6208904876024222,0.5610898139711544,0.5946282325069168,0.7635220125786164,0.9207547169811321,0.9349762051340611,795,200.0,20.0,,
S27,rf,,,0.6591194968553459,0.6380595058832311,0.6120029435838831,0.5524931766348035,0.5865894369601726,0.7622641509433963,0.9345911949685535,0.9269553483504405,795,400.0,,,
S27,rf,,,0.660377358490566,0.6417570621288765,0.6174135980334693,0.5554483209967567,0.5855527229725761,0.7584905660377359,0.9345911949685535,0.9341557240378718,795,400.0,20.0,,
S27,mlp,,,0.660377358490566,0.6435100224537217,0.6288040985502243,0.5630276392906655,0.5727272934124237,0.7874213836477988,0.889308176100629,1.7589432854248497,795,,,"(64, 64)",0.0001
S27,mlp,,,0.6465408805031446,0.6310774475697618,0.6133395606254626,0.545125052686449,0.556880078775518,0.7823899371069183,0.8805031446540881,1.948383450210256,795,,,"(64, 64)",0.001
S27,mlp,,,0.6389937106918239,0.6361039911054964,0.6086103676706409,0.5364214863607365,0.5483280072103844,0.7773584905660378,0.8477987421383648,2.3968648759905054,795,,,"(128, 64)",0.0001
S27,mlp,,,0.6238993710691824,0.619554814180318,0.5918671930168953,0.5185097410094676,0.5316576456274744,0.7685534591194969,0.8389937106918239,3.0371032322701828,795,,,"(128, 64)",0.001
S27,ensemble_soft_best,,,0.6830188679245283,0.6687497703653458,0.6519349273868676,0.5891582399058308,0.6055739313792096,0.7773584905660378,0.8767295597484277,0.8952641232474663,795,,,,
S30,svm_rbf,0.5,scale,0.5938461538461538,0.5733981974474227,0.5511993357962559,0.4836667484094017,0.4994453010549574,0.7907692307692308,0.9569230769230769,1.2652068184302272,1300,,,,
S30,svm_rbf,0.5,0.5,0.26384615384615384,0.23626028483456735,0.14346416057510222,0.06016287186305469,0.10880692618236233,0.48846153846153845,0.7123076923076923,1.5707523628794724,1300,,,,
S30,svm_rbf,0.5,2.0,0.2776923076923077,0.2,0.08693558097531608,0.0,0.0,0.4846153846153846,0.7123076923076923,1.5841412774238675,1300,,,,
S30,svm_rbf,1.0,scale,0.5869230769230769,0.5629185540409501,0.5401961298860234,0.47401374752207803,0.4906962814968228,0.7769230769230769,0.95,1.359458326734549,1300,,,,
S30,svm_rbf,1.0,0.5,0.27384615384615385,0.24308354529446294,0.15200262605315676,0.07153676100091244,0.12280257916806497,0.48615384615384616,0.7115384615384616,1.573120094537245,1300,,,,
S30,svm_rbf,1.0,2.0,0.2776923076923077,0.2,0.08693558097531608,0.0,0.0,0.4846153846153846,0.7123076923076923,1.5841394730564942,1300,,,,
S30,svm_rbf,2.0,scale,0.5753846153846154,0.5450685202573639,0.5248032321714435,0.45829489713189187,0.4763159159730431,0.77,0.946923076923077,1.4330776454442131,1300,,,,
S30,svm_rbf,2.0,0.5,0.32769230769230767,0.2798342932002016,0.1894324540367706,0.1322789629198562,0.18408153147845355,0.4907692307692308,0.6876923076923077,1.5737293448452636,1300,,,,
S30,svm_rbf,2.0,2.0,0.2776923076923077,0.2,0.08693558097531608,0.0,0.0,0.4846153846153846,0.7123076923076923,1.5841438425204566,1300,,,,
S30,svm_rbf,4.0,scale,0.5738461538461539,0.5443298685889888,0.523395474505989,0.4564913885354548,0.47499670758036483,0.7538461538461538,0.9453846153846154,1.5512934064441493,1300,,,,
S30,svm_rbf,4.0,0.5,0.30615384615384617,0.2657838099455251,0.17454745408556033,0.10864483761235999,0.1661760074293859,0.49923076923076926,0.7053846153846154,1.5687229408013323,1300,,,,
S30,svm_rbf,4.0,2.0,0.2776923076923077,0.2,0.08693558097531608,0.0,0.0,0.4846153846153846,0.7123076923076923,1.5841600254371875,1300,,,,
S30,rf,,,0.5892307692307692,0.5752879752256564,0.5649131662664182,0.4784133607926435,0.48914362315507554,0.7423076923076923,0.91,1.0652368891483608,1300,200.0,,,
S30,rf,,,0.5792307692307692,0.5632670742884096,0.5540452155829393,0.46502902806209,0.4749234210050453,0.7523076923076923,0.916923076923077,1.074034929912347,1300,200.0,20.0,,
S30,rf,,,0.5846153846153846,0.5700838782070985,0.5604011635991191,0.4719906853741419,0.48324603244379916,0.7515384615384615,0.9107692307692308,1.061640817178252,1300,400.0,,,
S30,rf,,,0.5784615384615385,0.5625906148546875,0.5519901220549197,0.46402561602446035,0.4746217042329845,0.7530769230769231,0.9161538461538462,1.067890844172659,1300,400.0,20.0,,
S30,mlp,,,0.5561538461538461,0.5320774979035736,0.5183685300173384,0.43565096882048715,0.45034095451810735,0.7946153846153846,0.953076923076923,1.808044669015583,1300,,,"(64, 64)",0.0001
S30,mlp,,,0.5684615384615385,0.5498119093906038,0.5445879952466013,0.4526110370968044,0.46277734946552285,0.7984615384615384,0.9492307692307692,2.0272885962666143,1300,,,"(64, 64)",0.001
S30,mlp,,,0.5615384615384615,0.5348990480888431,0.5084256951636704,0.4407876366523329,0.4577949365256655,0.7992307692307692,0.9584615384615385,1.7815460161013426,1300,,,"(128, 64)",0.0001
S30,mlp,,,0.5661538461538461,0.5308923386989673,0.5053383279764383,0.444754092401643,0.46088031251713646,0.7976923076923077,0.9576923076923077,2.3789325317404835,1300,,,"(128, 64)",0.001
S30,ensemble_soft_best,,,0.5892307692307692,0.5689621056120846,0.5577607741707921,0.4768414547756492,0.48879464225774594,0.7884615384615384,0.9453846153846154,1.0340984992069788,1300,,,,
S33,svm_rbf,0.5,scale,0.4307053941908714,0.4594378734300696,0.38111203391794934,0.2500201868439842,0.30319151674578326,0.779253112033195,0.870539419087137,2.163194405113586,1205,,,,
S33,svm_rbf,0.5,0.5,0.2954356846473029,0.2005649717514124,0.0922107887866003,0.0011774457628063173,0.023247125701684083,0.5883817427385892,0.7377593360995851,1.5515866414719668,1205,,,,
S33,svm_rbf,0.5,2.0,0.2946058091286307,0.2,0.09102564102564102,0.0,0.0,0.5883817427385892,0.7377593360995851,1.5469911178192814,1205,,,,
S33,svm_rbf,1.0,scale,0.445643153526971,0.46960736495549327,0.39212394468220246,0.26715975469416886,0.33040241960433314,0.8531120331950207,0.9294605809128631,2.2511130639885977,1205,,,,
S33,svm_rbf,1.0,0.5,0.2887966804979253,0.19661016949152543,0.08963296844816485,-0.007056421138447622,-0.057062203865596246,0.5883817427385892,0.7377593360995851,1.5566579725221665,1205,,,,
S33,svm_rbf,1.0,2.0,0.2946058091286307,0.2,0.09102564102564102,0.0,0.0,0.5883817427385892,0.7377593360995851,1.546996804590681,1205,,,,
S33,svm_rbf,2.0,scale,0.46556016597510375,0.4881007736183934,0.4180103106296159,0.2925483374858582,0.3635691497196032,0.8655601659751038,0.9468879668049792,2.351070357090074,1205,,,,
S33,svm_rbf,2.0,0.5,0.2887966804979253,0.19661016949152543,0.08963296844816485,-0.007056421138447622,-0.057062203865596246,0.5883817427385892,0.7344398340248963,1.5499104505613701,1205,,,,
S33,svm_rbf,2.0,2.0,0.2946058091286307,0.2,0.09102564102564102,0.0,0.0,0.5883817427385892,0.7377593360995851,1.5469895402478073,1205,,,,
S33,svm_rbf,4.0,scale,0.4755186721991701,0.4977955262908317,0.4322058339206204,0.3060830265699602,0.3793175125314295,0.8431535269709544,0.9485477178423236,2.56830835810738,1205,,,,
S33,svm_rbf,4.0,0.5,0.3136929460580913,0.21301026497970876,0.12412722325053197,0.027103467060823117,0.07959444169960635,0.5883817427385892,0.7377593360995851,1.5453802524324942,1205,,,,
S33,svm_rbf,4.0,2.0,0.2946058091286307,0.2,0.09102564102564102,0.0,0.0,0.5883817427385892,0.7377593360995851,1.5469800045519337,1205,,,,
S33,rf,,,0.5701244813278008,0.6326590253221152,0.5702276569570813,0.4411266465629007,0.512802968910659,0.9145228215767635,0.9676348547717842,1.2489232458706814,1205,200.0,,,
S33,rf,,,0.5717842323651452,0.6337701364332263,0.5709564481023106,0.4429657607327503,0.5145217159383771,0.9078838174273859,0.966804979253112,1.2190241768423191,1205,200.0,20.0,,
S33,rf,,,0.5717842323651452,0.6326590253221152,0.5702653498083523,0.44274510190528515,0.5158038102410667,0.9261410788381743,0.970954356846473,1.210040147490308,1205,400.0,,,
S33,rf,,,0.5701244813278008,0.6326401929304014,0.569567345574866,0.4411916898984961,0.5125146206874042,0.9278008298755187,0.9742738589211618,1.1949020124474556,1205,400.0,20.0,,
S33,mlp,,,0.45062240663900416,0.48207827054183816,0.4253032763089214,0.27297500512656925,0.31183998931803214,0.8307053941908714,0.9385892116182573,5.423776518544255,1205,,,"(64, 64)",0.0001
S33,mlp,,,0.47966804979253114,0.5091540002660082,0.44925350819614474,0.3109525650893942,0.3655936253968442,0.8091286307053942,0.9302904564315353,4.739420144453584,1205,,,"(64, 64)",0.001
S33,mlp,,,0.4298755186721992,0.47321112601444265,0.42205023930151875,0.2546700447287106,0.2926179145258757,0.7950207468879668,0.9186721991701244,8.578595639579216,1205,,,"(128, 64)",0.0001
S33,mlp,,,0.44481327800829873,0.48304136351935406,0.4325376861024498,0.27127674480200104,0.3168332232854396,0.7900414937759336,0.9112033195020747,7.47557403900966,1205,,,"(128, 64)",0.001
S33,ensemble_soft_best,,,0.5029045643153527,0.534602148789443,0.46951789897228247,0.34082949392925155,0.41758473711731126,0.9045643153526971,0.9626556016597511,1.5503065136786656,1205,,,,
S37,svm_rbf,0.5,scale,0.4982758620689655,0.4660600737305411,0.42918847098926527,0.35955072168175806,0.3685228960049957,0.7267241379310345,0.8120689655172414,1.4740232625813319,1160,,,,
S37,svm_rbf,0.5,0.5,0.2827586206896552,0.20312097378997365,0.1014026496488886,0.006160012027572881,0.02611004901632688,0.5560344827586207,0.6956896551724138,1.5611232244247335,1160,,,,
S37,svm_rbf,0.5,2.0,0.2775862068965517,0.2,0.08690958164642375,0.0,0.0,0.5560344827586207,0.6956896551724138,1.5709200305852824,1160,,,,
S37,svm_rbf,1.0,scale,0.49310344827586206,0.46153550385214476,0.4231436715934949,0.34806420718803943,0.3589641917158699,0.718103448275862,0.8086206896551724,1.5162088950367778,1160,,,,
S37,svm_rbf,1.0,0.5,0.30775862068965515,0.22166798069342156,0.12970131862098622,0.04188635695051035,0.13450274416610566,0.5560344827586207,0.6956896551724138,1.5612866410700448,1160,,,,
S37,svm_rbf,1.0,2.0,0.2775862068965517,0.2,0.08690958164642375,0.0,0.0,0.5560344827586207,0.6956896551724138,1.570920477444878,1160,,,,
S37,svm_rbf,2.0,scale,0.49137931034482757,0.4556396141440688,0.41687502510075436,0.3405204145740748,0.3534202664438995,0.7025862068965517,0.8068965517241379,1.588921225321234,1160,,,,
S37,svm_rbf,2.0,0.5,0.30086206896551726,0.2161682979828087,0.12627177700348433,0.031270852040101826,0.09077742711195878,0.5560344827586207,0.6956896551724138,1.552584082062535,1160,,,,
S37,svm_rbf,2.0,2.0,0.2775862068965517,0.2,0.08690958164642375,0.0,0.0,0.5560344827586207,0.6956896551724138,1.5709290943277594,1160,,,,
S37,svm_rbf,4.0,scale,0.475,0.43031236585276067,0.3921504008731745,0.3121833243109565,0.3301371189483046,0.6905172413793104,0.8163793103448276,1.704258731232099,1160,,,,
S37,svm_rbf,4.0,0.5,0.3232758620689655,0.2328115685633521,0.148281558054031,0.06334217943179232,0.16425079322622133,0.5551724137931034,0.6956896551724138,1.5582310826838575,1160,,,,
S37,svm_rbf,4.0,2.0,0.2775862068965517,0.2,0.08690958164642375,0.0,0.0,0.5560344827586207,0.6956896551724138,1.570928821086126,1160,,,,
S37,rf,,,0.5956896551724138,0.5231098528597125,0.4969678036585349,0.46225378173853227,0.48708559723042333,0.7741379310344828,0.8353448275862069,1.1104742767207012,1160,200.0,,,
S37,rf,,,0.6068965517241379,0.5501557290598041,0.526512314954814,0.4781244604493994,0.5000479586921452,0.7862068965517242,0.8362068965517241,1.1072809621280357,1160,200.0,20.0,,
S37,rf,,,0.6025862068965517,0.538273582707306,0.5116733974819283,0.472125593755059,0.49486539750551645,0.7775862068965518,0.8318965517241379,1.0991126017757746,1160,400.0,,,
S37,rf,,,0.6086206896551725,0.5451428368144446,0.5227129848935317,0.4792053986060457,0.5021360361741252,0.781896551724138,0.8379310344827586,1.0978698633817459,1160,400.0,20.0,,
S37,mlp,,,0.4896551724137931,0.43932930625254807,0.3708898076274251,0.3332148748855468,0.36667084537448796,0.653448275862069,0.8293103448275863,6.541026623851811,1160,,,"(64, 64)",0.0001
S37,mlp,,,0.5224137931034483,0.4690974827338036,0.41114749846346416,0.3767523506107465,0.40692447646388336,0.6862068965517242,0.8353448275862069,6.434005761243765,1160,,,"(64, 64)",0.001
S37,mlp,,,0.4560344827586207,0.42638406780681565,0.3309088232157219,0.30618984517330095,0.3406263948092587,0.753448275862069,0.8560344827586207,8.201995523697278,1160,,,"(128, 64)",0.0001
S37,mlp,,,0.42758620689655175,0.40307046910730343,0.300617334042127,0.276199067809352,0.31284693801085456,0.7163793103448276,0.8474137931034482,7.0522429839838825,1160,,,"(128, 64)",0.001
S37,ensemble_soft_best,,,0.5431034482758621,0.4902779810294309,0.4393869805158269,0.4045716654366829,0.4317806992332784,0.7439655172413793,0.8344827586206897,1.1604095422048253,1160,,,,
S40,svm_rbf,0.5,scale,0.3925233644859813,0.399710369222508,0.3596112405298003,0.2338386403833561,0.28952270454372053,0.661993769470405,0.8068535825545171,2.090286669932384,642,,,,
S40,svm_rbf,0.5,0.5,0.22741433021806853,0.2,0.07411167512690356,0.0,0.0,0.43613707165109034,0.5809968847352025,1.6269547414807901,642,,,,
S40,svm_rbf,0.5,2.0,0.22741433021806853,0.2,0.07411167512690356,0.0,0.0,0.43613707165109034,0.5809968847352025,1.6518479423177461,642,,,,
S40,svm_rbf,1.0,scale,0.411214953271028,0.41670643386698547,0.3797948250358611,0.2577966583783684,0.31488429068278234,0.6744548286604362,0.8271028037383178,2.0483890846215482,642,,,,
S40,svm_rbf,1.0,0.5,0.22741433021806853,0.2,0.07411167512690356,0.0,0.0,0.43613707165109034,0.5809968847352025,1.6322206901766303,642,,,,
S40,svm_rbf,1.0,2.0,0.22741433021806853,0.2,0.07411167512690356,0.0,0.0,0.43613707165109034,0.5809968847352025,1.6518635225321918,642,,,,
S40,svm_rbf,2.0,scale,0.40654205607476634,0.4100923740828503,0.37289888646757696,0.2510058975913575,0.30929663663237467,0.6557632398753894,0.8333333333333334,2.2098282863713856,642,,,,
S40,svm_rbf,2.0,0.5,0.22585669781931464,0.19863013698630136,0.07369758576874205,-0.0019783698232658242,-0.03072655767776382,0.43613707165109034,0.5809968847352025,1.634536195618018,642,,,,
S40,svm_rbf,2.0,2.0,0.22741433021806853,0.2,0.07411167512690356,0.0,0.0,0.43613707165109034,0.5809968847352025,1.6519232796387544,642,,,,
S40,svm_rbf,4.0,scale,0.4143302180685358,0.41751445970980205,0.37650279831204814,0.2602938697963749,0.3247150903087057,0.6588785046728972,0.8442367601246106,2.267473084483837,642,,,,
S40,svm_rbf,4.0,0.5,0.22741433021806853,0.2,0.07411167512690356,0.0,0.0,0.43613707165109034,0.5809968847352025,1.6307703231560053,642,,,,
S40,svm_rbf,4.0,2.0,0.22741433021806853,0.2,0.07411167512690356,0.0,0.0,0.43613707165109034,0.5809968847352025,1.651934616194831,642,,,,
S40,rf,,,0.5919003115264797,0.6220031228308446,0.5618004277148334,0.49228331245566637,0.517189652019538,0.7975077881619937,0.9361370716510904,1.0438273720043523,642,200.0,,,
S40,rf,,,0.602803738317757,0.633255061347476,0.5647890093332284,0.5058408041293126,0.5363000512636842,0.7741433021806854,0.9143302180685359,1.05201974167117,642,200.0,20.0,,
S40,rf,,,0.5794392523364486,0.6108434989440918,0.5456117507266206,0.4770567472169427,0.5039682224515405,0.7834890965732088,0.9361370716510904,1.0340423224849613,642,400.0,,,
S40,rf,,,0.5903426791277259,0.6211067017446081,0.5525137529507199,0.4904192936020981,0.5192489691381713,0.7507788161993769,0.9252336448598131,1.0422203344565162,642,400.0,20.0,,
S40,mlp,,,0.6277258566978193,0.6517362394074724,0.5845946070601176,0.5387986485999062,0.5738141099443222,0.8629283489096573,0.9781931464174455,2.714785993374327,642,,,"(64, 64)",0.0001
S40,mlp,,,0.677570093457944,0.700847858382105,0.6516877289566819,0.599585406051987,0.6272551435498918,0.9080996884735203,0.9797507788161994,2.110090663613781,642,,,"(64, 64)",0.001
S40,mlp,,,0.5685358255451713,0.5920375001847885,0.4832139634072143,0.46674063301197966,0.5100469054066145,0.7881619937694704,0.9314641744548287,5.3828683466033045,642,,,"(128, 64)",0.0001
S40,mlp,,,0.573208722741433,0.5978865978147081,0.496527289848094,0.4724653849268112,0.5145331963577799,0.8099688473520249,0.926791277258567,4.426399383780261,642,,,"(128, 64)",0.001
S40,ensemble_soft_best,,,0.6806853582554517,0.7050856637853162,0.6458234204539852,0.6027935135918199,0.6358287904949214,0.822429906542056,0.9376947040498442,1.0714998891277183,642,,,,
